Workbook

Sheet Dashboard
A1: Name des Hundes | B1: Cara
A2: Gewicht | B2: 27
A3: Zielgewicht | B3: 27
A4: Altersgruppe | B4: > 7 Jahre
A5: Soffwechselgewicht | B5: =B2^0.75 -> 11.844666
A6: Verdaulichkeit Protein | B6: Gekocht
A7: Energiebedarf | B7: Normal
A13: Futtermittel | B13: Menge in g
A14: Pferd Fleisch, roh | B14: 400
A15: Zucchini gedünstet | B15: 30
A16: Karotte/Möhre, gekocht | B16: 90
A17: Reis poliert, roh | B17: 40
A18: Anchovisöl Kochen für Hunde | B18: 6
A19: Hanföl | B19: 6
A20: Kürbis Hokkaido (C. maxima) gekocht | B20: 30
A21: Pferdefett, ausgelassen | B21: 5
A22: Napfcheck Novomineral Balance | B22: 4
A23: Napfcheck Novomineral Sensitive | B23: 5
B36: Soll Max | C36: M/Z Maximum | D36: =IF($C$36="", "", _xlfn.XLOOKUP("M/Z Maximum", Bedarfswerte!$A:$A, Bedarfswerte!C:C, "")) -> 0 | E36: =IF($C$36="", "", _xlfn.XLOOKUP("M/Z Maximum", Bedarfswerte!$A:$A, Bedarfswerte!D:D, "")) -> 0 | F36: =IF($C$36="", "", _xlfn.XLOOKUP("M/Z Maximum", Bedarfswerte!$A:$A, Bedarfswerte!E:E, "")) -> 0 | G36: =IF($C$36="", "", _xlfn.XLOOKUP("M/Z Maximum", Bedarfswerte!$A:$A, Bedarfswerte!F:F, "")) -> 0 | H36: =IF($C$36="", "", _xlfn.XLOOKUP("M/Z Maximum", Bedarfswerte!$A:$A, Bedarfswerte!G:G, "")) -> 0 | I36: =IF($C$36="", "", _xlfn.XLOOKUP("M/Z Maximum", Bedarfswerte!$A:$A, Bedarfswerte!H:H, "")) -> 0 | J36: =IF($C$36="", "", _xlfn.XLOOKUP("M/Z Maximum", Bedarfswerte!$A:$A, Bedarfswerte!I:I, "")) -> 0 | K36: =IF($C$36="", "", _xlfn.XLOOKUP("M/Z Maximum", Bedarfswerte!$A:$A, Bedarfswerte!J:J, "")) -> 0 | L36: =IF($C$36="", "", _xlfn.XLOOKUP("M/Z Maximum", Bedarfswerte!$A:$A, Bedarfswerte!K:K, "")) -> 0 | M36: =IF($C$36="", "", _xlfn.XLOOKUP("M/Z Maximum", Bedarfswerte!$A:$A, Bedarfswerte!L:L, "")) -> 0 | N36: =IF($C$36="", "", _xlfn.XLOOKUP("M/Z Maximum", Bedarfswerte!$A:$A, Bedarfswerte!M:M, "")) -> 0 | O36: =IF($C$36="", "", _xlfn.XLOOKUP("M/Z Maximum", Bedarfswerte!$A:$A, Bedarfswerte!N:N, "")) -> 0 | P36: =IF($C$36="", "", _xlfn.XLOOKUP("M/Z Maximum", Bedarfswerte!$A:$A, Bedarfswerte!O:O, "")) -> 0 | Q36: =IF($C$36="", "", _xlfn.XLOOKUP("M/Z Maximum", Bedarfswerte!$A:$A, Bedarfswerte!P:P, "")) -> 0 | R36: =IF($C$36="", "", _xlfn.XLOOKUP("M/Z Maximum", Bedarfswerte!$A:$A, Bedarfswerte!Q:Q, "")) -> 54000 | S36: =IF($C$36="", "", _xlfn.XLOOKUP("M/Z Maximum", Bedarfswerte!$A:$A, Bedarfswerte!R:R, "")) -> 0 | T36: =IF($C$36="", "", _xlfn.XLOOKUP("M/Z Maximum", Bedarfswerte!$A:$A, Bedarfswerte!S:S, "")) -> 0 | U36: =IF($C$36="", "", _xlfn.XLOOKUP("M/Z Maximum", Bedarfswerte!$A:$A, Bedarfswerte!T:T, "")) -> 0 | V36: =IF($C$36="", "", _xlfn.XLOOKUP("M/Z Maximum", Bedarfswerte!$A:$A, Bedarfswerte!U:U, "")) -> 135 | W36: =IF($C$36="", "", _xlfn.XLOOKUP("M/Z Maximum", Bedarfswerte!$A:$A, Bedarfswerte!V:V, "")) -> 0 | X36: =IF($C$36="", "", _xlfn.XLOOKUP("M/Z Maximum", Bedarfswerte!$A:$A, Bedarfswerte!W:W, "")) -> 3.51 | Y36: =IF($C$36="", "", _xlfn.XLOOKUP("M/Z Maximum", Bedarfswerte!$A:$A, Bedarfswerte!X:X, "")) -> 0 | Z36: =IF($C$36="", "", _xlfn.XLOOKUP("M/Z Maximum", Bedarfswerte!$A:$A, Bedarfswerte!Y:Y, "")) -> 0 | AA36: =IF($C$36="", "", _xlfn.XLOOKUP("M/Z Maximum", Bedarfswerte!$A:$A, Bedarfswerte!Z:Z, "")) -> 33.75 | AB36: =IF($C$36="", "", _xlfn.XLOOKUP("M/Z Maximum", Bedarfswerte!$A:$A, Bedarfswerte!AA:AA, "")) -> 297 | AC36: =IF($C$36="", "", _xlfn.XLOOKUP("M/Z Maximum", Bedarfswerte!$A:$A, Bedarfswerte!AB:AB, "")) -> 121500 | AD36: =IF($C$36="", "", _xlfn.XLOOKUP("M/Z Maximum", Bedarfswerte!$A:$A, Bedarfswerte!AC:AC, "")) -> 0 | AE36: =IF($C$36="", "", _xlfn.XLOOKUP("M/Z Maximum", Bedarfswerte!$A:$A, Bedarfswerte!AD:AD, "")) -> 0 | AF36: =IF($C$36="", "", _xlfn.XLOOKUP("M/Z Maximum", Bedarfswerte!$A:$A, Bedarfswerte!AE:AE, "")) -> 0 | AG36: =IF($C$36="", "", _xlfn.XLOOKUP("M/Z Maximum", Bedarfswerte!$A:$A, Bedarfswerte!AF:AF, "")) -> 0 | AH36: =IF($C$36="", "", _xlfn.XLOOKUP("M/Z Maximum", Bedarfswerte!$A:$A, Bedarfswerte!AG:AG, "")) -> 0 | AI36: =IF($C$36="", "", _xlfn.XLOOKUP("M/Z Maximum", Bedarfswerte!$A:$A, Bedarfswerte!AH:AH, "")) -> 0 | AJ36: =IF($C$36="", "", _xlfn.XLOOKUP("M/Z Maximum", Bedarfswerte!$A:$A, Bedarfswerte!AI:AI, "")) -> 0 | AK36: =IF($C$36="", "", _xlfn.XLOOKUP("M/Z Maximum", Bedarfswerte!$A:$A, Bedarfswerte!AJ:AJ, "")) -> 0 | AL36: =IF($C$36="", "", _xlfn.XLOOKUP("M/Z Maximum", Bedarfswerte!$A:$A, Bedarfswerte!AK:AK, "")) -> 0 | AM36: =IF($C$36="", "", _xlfn.XLOOKUP("M/Z Maximum", Bedarfswerte!$A:$A, Bedarfswerte!AL:AL, "")) -> 0 | AN36: =IF($C$36="", "", _xlfn.XLOOKUP("M/Z Maximum", Bedarfswerte!$A:$A, Bedarfswerte!AM:AM, "")) -> 0 | AO36: =IF($C$36="", "", _xlfn.XLOOKUP("M/Z Maximum", Bedarfswerte!$A:$A, Bedarfswerte!AN:AN, "")) -> 2430 | AP36: =IF($C$36="", "", _xlfn.XLOOKUP("M/Z Maximum", Bedarfswerte!$A:$A, Bedarfswerte!AO:AO, "")) -> 1620 | AQ36: =IF($C$36="", "", _xlfn.XLOOKUP("M/Z Maximum", Bedarfswerte!$A:$A, Bedarfswerte!AP:AP, "")) -> 0 | AR36: =IF($C$36="", "", _xlfn.XLOOKUP("M/Z Maximum", Bedarfswerte!$A:$A, Bedarfswerte!AQ:AQ, "")) -> 0 | AS36: =IF($C$36="", "", _xlfn.XLOOKUP("M/Z Maximum", Bedarfswerte!$A:$A, Bedarfswerte!AR:AR, "")) -> 0 | AT36: =IF($C$36="", "", _xlfn.XLOOKUP("M/Z Maximum", Bedarfswerte!$A:$A, Bedarfswerte!AS:AS, "")) -> 0 | AU36: =IF($C$36="", "", _xlfn.XLOOKUP("M/Z Maximum", Bedarfswerte!$A:$A, Bedarfswerte!AT:AT, "")) -> 0 | AV36: =IF($C$36="", "", _xlfn.XLOOKUP("M/Z Maximum", Bedarfswerte!$A:$A, Bedarfswerte!AU:AU, "")) -> 0 | AW36: =IF($C$36="", "", _xlfn.XLOOKUP("M/Z Maximum", Bedarfswerte!$A:$A, Bedarfswerte!AV:AV, "")) -> 0 | AX36: =IF($C$36="", "", _xlfn.XLOOKUP("M/Z Maximum", Bedarfswerte!$A:$A, Bedarfswerte!AW:AW, "")) -> 1350 | AY36: =IF($C$36="", "", _xlfn.XLOOKUP("M/Z Maximum", Bedarfswerte!$A:$A, Bedarfswerte!AX:AX, "")) -> 405000 | AZ36: =IF($C$36="", "", _xlfn.XLOOKUP("M/Z Maximum", Bedarfswerte!$A:$A, Bedarfswerte!AY:AY, "")) -> 443.28358
B37: Soll Min. | C37: M/Z Minimum | D37: =IF($C$37="", "", _xlfn.XLOOKUP("M/Z Minimum", Bedarfswerte!$A:$A, Bedarfswerte!C:C, "")) -> 0 | E37: =IF($C$37="", "", _xlfn.XLOOKUP("M/Z Minimum", Bedarfswerte!$A:$A, Bedarfswerte!D:D, "")) -> 0 | F37: =IF($C$37="", "", _xlfn.XLOOKUP("M/Z Minimum", Bedarfswerte!$A:$A, Bedarfswerte!E:E, "")) -> 33 | G37: =IF($C$37="", "", _xlfn.XLOOKUP("M/Z Minimum", Bedarfswerte!$A:$A, Bedarfswerte!F:F, "")) -> 29.7 | H37: =IF($C$37="", "", _xlfn.XLOOKUP("M/Z Minimum", Bedarfswerte!$A:$A, Bedarfswerte!G:G, "")) -> 27 | I37: =IF($C$37="", "", _xlfn.XLOOKUP("M/Z Minimum", Bedarfswerte!$A:$A, Bedarfswerte!H:H, "")) -> 0 | J37: =IF($C$37="", "", _xlfn.XLOOKUP("M/Z Minimum", Bedarfswerte!$A:$A, Bedarfswerte!I:I, "")) -> 0 | K37: =IF($C$37="", "", _xlfn.XLOOKUP("M/Z Minimum", Bedarfswerte!$A:$A, Bedarfswerte!J:J, "")) -> 0 | L37: =IF($C$37="", "", _xlfn.XLOOKUP("M/Z Minimum", Bedarfswerte!$A:$A, Bedarfswerte!K:K, "")) -> 0 | M37: =IF($C$37="", "", _xlfn.XLOOKUP("M/Z Minimum", Bedarfswerte!$A:$A, Bedarfswerte!L:L, "")) -> 0 | N37: =IF($C$37="", "", _xlfn.XLOOKUP("M/Z Minimum", Bedarfswerte!$A:$A, Bedarfswerte!M:M, "")) -> 1674 | O37: =IF($C$37="", "", _xlfn.XLOOKUP("M/Z Minimum", Bedarfswerte!$A:$A, Bedarfswerte!N:N, "")) -> 1242 | P37: =IF($C$37="", "", _xlfn.XLOOKUP("M/Z Minimum", Bedarfswerte!$A:$A, Bedarfswerte!O:O, "")) -> 270 | Q37: =IF($C$37="", "", _xlfn.XLOOKUP("M/Z Minimum", Bedarfswerte!$A:$A, Bedarfswerte!P:P, "")) -> 540 | R37: =IF($C$37="", "", _xlfn.XLOOKUP("M/Z Minimum", Bedarfswerte!$A:$A, Bedarfswerte!Q:Q, "")) -> 0 | S37: =IF($C$37="", "", _xlfn.XLOOKUP("M/Z Minimum", Bedarfswerte!$A:$A, Bedarfswerte!R:R, "")) -> 0 | T37: =IF($C$37="", "", _xlfn.XLOOKUP("M/Z Minimum", Bedarfswerte!$A:$A, Bedarfswerte!S:S, "")) -> 13.5 | U37: =IF($C$37="", "", _xlfn.XLOOKUP("M/Z Minimum", Bedarfswerte!$A:$A, Bedarfswerte!T:T, "")) -> 0 | V37: =IF($C$37="", "", _xlfn.XLOOKUP("M/Z Minimum", Bedarfswerte!$A:$A, Bedarfswerte!U:U, "")) -> 0 | W37: =IF($C$37="", "", _xlfn.XLOOKUP("M/Z Minimum", Bedarfswerte!$A:$A, Bedarfswerte!V:V, "")) -> 0 | X37: =IF($C$37="", "", _xlfn.XLOOKUP("M/Z Minimum", Bedarfswerte!$A:$A, Bedarfswerte!W:W, "")) -> 0.27 | Y37: =IF($C$37="", "", _xlfn.XLOOKUP("M/Z Minimum", Bedarfswerte!$A:$A, Bedarfswerte!X:X, "")) -> 351 | Z37: =IF($C$37="", "", _xlfn.XLOOKUP("M/Z Minimum", Bedarfswerte!$A:$A, Bedarfswerte!Y:Y, "")) -> 0 | AA37: =IF($C$37="", "", _xlfn.XLOOKUP("M/Z Minimum", Bedarfswerte!$A:$A, Bedarfswerte!Z:Z, "")) -> 0 | AB37: =IF($C$37="", "", _xlfn.XLOOKUP("M/Z Minimum", Bedarfswerte!$A:$A, Bedarfswerte!AA:AA, "")) -> 0 | AC37: =IF($C$37="", "", _xlfn.XLOOKUP("M/Z Minimum", Bedarfswerte!$A:$A, Bedarfswerte!AB:AB, "")) -> 0 | AD37: =IF($C$37="", "", _xlfn.XLOOKUP("M/Z Minimum", Bedarfswerte!$A:$A, Bedarfswerte!AC:AC, "")) -> 0 | AE37: =IF($C$37="", "", _xlfn.XLOOKUP("M/Z Minimum", Bedarfswerte!$A:$A, Bedarfswerte!AD:AD, "")) -> 0 | AF37: =IF($C$37="", "", _xlfn.XLOOKUP("M/Z Minimum", Bedarfswerte!$A:$A, Bedarfswerte!AE:AE, "")) -> 0 | AG37: =IF($C$37="", "", _xlfn.XLOOKUP("M/Z Minimum", Bedarfswerte!$A:$A, Bedarfswerte!AF:AF, "")) -> 0 | AH37: =IF($C$37="", "", _xlfn.XLOOKUP("M/Z Minimum", Bedarfswerte!$A:$A, Bedarfswerte!AG:AG, "")) -> 0 | AI37: =IF($C$37="", "", _xlfn.XLOOKUP("M/Z Minimum", Bedarfswerte!$A:$A, Bedarfswerte!AH:AH, "")) -> 0 | AJ37: =IF($C$37="", "", _xlfn.XLOOKUP("M/Z Minimum", Bedarfswerte!$A:$A, Bedarfswerte!AI:AI, "")) -> 0 | AK37: =IF($C$37="", "", _xlfn.XLOOKUP("M/Z Minimum", Bedarfswerte!$A:$A, Bedarfswerte!AJ:AJ, "")) -> 0 | AL37: =IF($C$37="", "", _xlfn.XLOOKUP("M/Z Minimum", Bedarfswerte!$A:$A, Bedarfswerte!AK:AK, "")) -> 0 | AM37: =IF($C$37="", "", _xlfn.XLOOKUP("M/Z Minimum", Bedarfswerte!$A:$A, Bedarfswerte!AL:AL, "")) -> 0 | AN37: =IF($C$37="", "", _xlfn.XLOOKUP("M/Z Minimum", Bedarfswerte!$A:$A, Bedarfswerte!AM:AM, "")) -> 0 | AO37: =IF($C$37="", "", _xlfn.XLOOKUP("M/Z Minimum", Bedarfswerte!$A:$A, Bedarfswerte!AN:AN, "")) -> 486 | AP37: =IF($C$37="", "", _xlfn.XLOOKUP("M/Z Minimum", Bedarfswerte!$A:$A, Bedarfswerte!AO:AO, "")) -> 324 | AQ37: =IF($C$37="", "", _xlfn.XLOOKUP("M/Z Minimum", Bedarfswerte!$A:$A, Bedarfswerte!AP:AP, "")) -> 0 | AR37: =IF($C$37="", "", _xlfn.XLOOKUP("M/Z Minimum", Bedarfswerte!$A:$A, Bedarfswerte!AQ:AQ, "")) -> 1350 | AS37: =IF($C$37="", "", _xlfn.XLOOKUP("M/Z Minimum", Bedarfswerte!$A:$A, Bedarfswerte!AR:AR, "")) -> 1512 | AT37: =IF($C$37="", "", _xlfn.XLOOKUP("M/Z Minimum", Bedarfswerte!$A:$A, Bedarfswerte!AS:AS, "")) -> 837 | AU37: =IF($C$37="", "", _xlfn.XLOOKUP("M/Z Minimum", Bedarfswerte!$A:$A, Bedarfswerte!AT:AT, "")) -> 864 | AV37: =IF($C$37="", "", _xlfn.XLOOKUP("M/Z Minimum", Bedarfswerte!$A:$A, Bedarfswerte!AU:AU, "")) -> 1512 | AW37: =IF($C$37="", "", _xlfn.XLOOKUP("M/Z Minimum", Bedarfswerte!$A:$A, Bedarfswerte!AV:AV, "")) -> 1512 | AX37: =IF($C$37="", "", _xlfn.XLOOKUP("M/Z Minimum", Bedarfswerte!$A:$A, Bedarfswerte!AW:AW, "")) -> 0 | AY37: =IF($C$37="", "", _xlfn.XLOOKUP("M/Z Minimum", Bedarfswerte!$A:$A, Bedarfswerte!AX:AX, "")) -> 0 | AZ37: =IF($C$37="", "", _xlfn.XLOOKUP("M/Z Minimum", Bedarfswerte!$A:$A, Bedarfswerte!AY:AY, "")) -> 0
B38: Soll Empf. | C38: M/Z Empfehlung | D38: =IF($C$38="", "", _xlfn.XLOOKUP("M/Z Empfehlung", Bedarfswerte!$A:$A, Bedarfswerte!C:C, "") * IF($B$7="kastriert (- 15 %)", 0.85, IF($B$7="kastriert (- 20 %)", 0.8, IF($B$7="Übergewicht (- 30 %)", 0.7, 1)))) -> 1188.9676 | E38: =IF($C$38="", "", _xlfn.XLOOKUP("M/Z Empfehlung", Bedarfswerte!$A:$A, Bedarfswerte!D:D, "") * IF($B$7="kastriert (- 15 %)", 0.85, IF($B$7="kastriert (- 20 %)", 0.8, IF($B$7="Übergewicht (- 30 %)", 0.7, 1)))) -> 4.9747598 | F38: =IF($C$38="", "", _xlfn.XLOOKUP("M/Z Empfehlung", Bedarfswerte!$A:$A, Bedarfswerte!E:E, "")) -> 66 | G38: =IF($C$38="", "", _xlfn.XLOOKUP("M/Z Empfehlung", Bedarfswerte!$A:$A, Bedarfswerte!F:F, "")) -> 59.4 | H38: =IF($C$38="", "", _xlfn.XLOOKUP("M/Z Empfehlung", Bedarfswerte!$A:$A, Bedarfswerte!G:G, "")) -> 0 | I38: =IF($C$38="", "", _xlfn.XLOOKUP("M/Z Empfehlung", Bedarfswerte!$A:$A, Bedarfswerte!H:H, "")) -> 0 | J38: =IF($C$38="", "", _xlfn.XLOOKUP("M/Z Empfehlung", Bedarfswerte!$A:$A, Bedarfswerte!I:I, "")) -> 0 | K38: =IF($C$38="", "", _xlfn.XLOOKUP("M/Z Empfehlung", Bedarfswerte!$A:$A, Bedarfswerte!J:J, "")) -> 0 | L38: =IF($C$38="", "", _xlfn.XLOOKUP("M/Z Empfehlung", Bedarfswerte!$A:$A, Bedarfswerte!K:K, "")) -> 0 | M38: =IF($C$38="", "", _xlfn.XLOOKUP("M/Z Empfehlung", Bedarfswerte!$A:$A, Bedarfswerte!L:L, "")) -> 0 | N38: =IF($C$38="", "", _xlfn.XLOOKUP("M/Z Empfehlung", Bedarfswerte!$A:$A, Bedarfswerte!M:M, "")) -> 2160 | O38: =IF($C$38="", "", _xlfn.XLOOKUP("M/Z Empfehlung", Bedarfswerte!$A:$A, Bedarfswerte!N:N, "")) -> 1620 | P38: =IF($C$38="", "", _xlfn.XLOOKUP("M/Z Empfehlung", Bedarfswerte!$A:$A, Bedarfswerte!O:O, "")) -> 324 | Q38: =IF($C$38="", "", _xlfn.XLOOKUP("M/Z Empfehlung", Bedarfswerte!$A:$A, Bedarfswerte!P:P, "")) -> 1350 | R38: =IF($C$38="", "", _xlfn.XLOOKUP("M/Z Empfehlung", Bedarfswerte!$A:$A, Bedarfswerte!Q:Q, "")) -> 1485 | S38: =IF($C$38="", "", _xlfn.XLOOKUP("M/Z Empfehlung", Bedarfswerte!$A:$A, Bedarfswerte!R:R, "")) -> 2025 | T38: =IF($C$38="", "", _xlfn.XLOOKUP("M/Z Empfehlung", Bedarfswerte!$A:$A, Bedarfswerte!S:S, "")) -> 37.8 | U38: =IF($C$38="", "", _xlfn.XLOOKUP("M/Z Empfehlung", Bedarfswerte!$A:$A, Bedarfswerte!T:T, "")) -> 24.3 | V38: =IF($C$38="", "", _xlfn.XLOOKUP("M/Z Empfehlung", Bedarfswerte!$A:$A, Bedarfswerte!U:U, "")) -> 67.5 | W38: =IF($C$38="", "", _xlfn.XLOOKUP("M/Z Empfehlung", Bedarfswerte!$A:$A, Bedarfswerte!V:V, "")) -> 2.7 | X38: =IF($C$38="", "", _xlfn.XLOOKUP("M/Z Empfehlung", Bedarfswerte!$A:$A, Bedarfswerte!W:W, "")) -> 1.89 | Y38: =IF($C$38="", "", _xlfn.XLOOKUP("M/Z Empfehlung", Bedarfswerte!$A:$A, Bedarfswerte!X:X, "")) -> 405 | Z38: =IF($C$38="", "", _xlfn.XLOOKUP("M/Z Empfehlung", Bedarfswerte!$A:$A, Bedarfswerte!Y:Y, "")) -> 0 | AA38: =IF($C$38="", "", _xlfn.XLOOKUP("M/Z Empfehlung", Bedarfswerte!$A:$A, Bedarfswerte!Z:Z, "")) -> 6.75 | AB38: =IF($C$38="", "", _xlfn.XLOOKUP("M/Z Empfehlung", Bedarfswerte!$A:$A, Bedarfswerte!AA:AA, "")) -> 13.5 | AC38: =IF($C$38="", "", _xlfn.XLOOKUP("M/Z Empfehlung", Bedarfswerte!$A:$A, Bedarfswerte!AB:AB, "")) -> 607.5 | AD38: =IF($C$38="", "", _xlfn.XLOOKUP("M/Z Empfehlung", Bedarfswerte!$A:$A, Bedarfswerte!AC:AC, "")) -> 540 | AE38: =IF($C$38="", "", _xlfn.XLOOKUP("M/Z Empfehlung", Bedarfswerte!$A:$A, Bedarfswerte!AD:AD, "")) -> 1350 | AF38: =IF($C$38="", "", _xlfn.XLOOKUP("M/Z Empfehlung", Bedarfswerte!$A:$A, Bedarfswerte!AE:AE, "")) -> 5400 | AG38: =IF($C$38="", "", _xlfn.XLOOKUP("M/Z Empfehlung", Bedarfswerte!$A:$A, Bedarfswerte!AF:AF, "")) -> 540 | AH38: =IF($C$38="", "", _xlfn.XLOOKUP("M/Z Empfehlung", Bedarfswerte!$A:$A, Bedarfswerte!AG:AG, "")) -> 13.5 | AI38: =IF($C$38="", "", _xlfn.XLOOKUP("M/Z Empfehlung", Bedarfswerte!$A:$A, Bedarfswerte!AH:AH, "")) -> 0 | AJ38: =IF($C$38="", "", _xlfn.XLOOKUP("M/Z Empfehlung", Bedarfswerte!$A:$A, Bedarfswerte!AI:AI, "")) -> 0 | AK38: =IF($C$38="", "", _xlfn.XLOOKUP("M/Z Empfehlung", Bedarfswerte!$A:$A, Bedarfswerte!AJ:AJ, "")) -> 108 | AL38: =IF($C$38="", "", _xlfn.XLOOKUP("M/Z Empfehlung", Bedarfswerte!$A:$A, Bedarfswerte!AK:AK, "")) -> 54 | AM38: =IF($C$38="", "", _xlfn.XLOOKUP("M/Z Empfehlung", Bedarfswerte!$A:$A, Bedarfswerte!AL:AL, "")) -> 0 | AN38: =IF($C$38="", "", _xlfn.XLOOKUP("M/Z Empfehlung", Bedarfswerte!$A:$A, Bedarfswerte!AM:AM, "")) -> 0 | AO38: =IF($C$38="", "", _xlfn.XLOOKUP("M/Z Empfehlung", Bedarfswerte!$A:$A, Bedarfswerte!AN:AN, "")) -> 1215 | AP38: =IF($C$38="", "", _xlfn.XLOOKUP("M/Z Empfehlung", Bedarfswerte!$A:$A, Bedarfswerte!AO:AO, "")) -> 810 | AQ38: =IF($C$38="", "", _xlfn.XLOOKUP("M/Z Empfehlung", Bedarfswerte!$A:$A, Bedarfswerte!AP:AP, "")) -> 0 | AR38: =IF($C$38="", "", _xlfn.XLOOKUP("M/Z Empfehlung", Bedarfswerte!$A:$A, Bedarfswerte!AQ:AQ, "")) -> 4050 | AS38: =IF($C$38="", "", _xlfn.XLOOKUP("M/Z Empfehlung", Bedarfswerte!$A:$A, Bedarfswerte!AR:AR, "")) -> 1512 | AT38: =IF($C$38="", "", _xlfn.XLOOKUP("M/Z Empfehlung", Bedarfswerte!$A:$A, Bedarfswerte!AS:AS, "")) -> 1377 | AU38: =IF($C$38="", "", _xlfn.XLOOKUP("M/Z Empfehlung", Bedarfswerte!$A:$A, Bedarfswerte!AT:AT, "")) -> 864 | AV38: =IF($C$38="", "", _xlfn.XLOOKUP("M/Z Empfehlung", Bedarfswerte!$A:$A, Bedarfswerte!AU:AU, "")) -> 1836 | AW38: =IF($C$38="", "", _xlfn.XLOOKUP("M/Z Empfehlung", Bedarfswerte!$A:$A, Bedarfswerte!AV:AV, "")) -> 2052 | AX38: =IF($C$38="", "", _xlfn.XLOOKUP("M/Z Empfehlung", Bedarfswerte!$A:$A, Bedarfswerte!AW:AW, "")) -> 270 | AY38: =IF($C$38="", "", _xlfn.XLOOKUP("M/Z Empfehlung", Bedarfswerte!$A:$A, Bedarfswerte!AX:AX, "")) -> 2025 | AZ38: =IF($C$38="", "", _xlfn.XLOOKUP("M/Z Empfehlung", Bedarfswerte!$A:$A, Bedarfswerte!AY:AY, "")) -> 20.149254
B39: Ist | D39: =SUM(D41:D61) -> 764.19 | E39: =SUM(E41:E61) -> 3.1974477 | F39: =SUM(F41:F61) -> 86.8664 | G39: =SUM(G41:G61) -> 73.83644 | H39: =SUM(H41:H61) -> 28.2716 | I39: =SUM(I41:I61) -> 54.9424 | J39: =SUM(J41:J61) -> 0.07 | K39: =SUM(K41:K61) -> 5.074 | ... R39: =SUM(R41:R61) -> 2023.9007 | T39: =SUM(T41:T61) -> 28.27163 | U39: =SUM(U41:U61) -> 44.079651 | V39: =SUM(V41:V61) -> 0 | W39: =SUM(W41:W61) -> 3.5416719 | X39: =SUM(X41:X61) -> 1.9278738 | Y39: =SUM(Y41:Y61) -> 509.4686 | AA39: =SUM(AA41:AA61) -> 7.85 | AB39: =SUM(AB41:AB61) -> 60.5045 | AC39: =SUM(AC41:AC61) -> 965.4484 | AD39: =SUM(AD41:AD61) -> 1799.9 | AE39: =SUM(AE41:AE61) -> 3238.9 | AF39: =SUM(AF41:AF61) -> 24573.1 | AG39: =SUM(AG41:AG61) -> 2685.281 | AH39: =SUM(AH41:AH61) -> 31 | ... AZ39: =SUM(AZ41:AZ61) -> 90.151705
A40: Kategorie | B40: BLS Code | C40: Futtermittel | D40: Energie [kcal] | E40: Energie [MJ] | F40: Rohprotein [g] | G40: vRP | H40: Rohfett [g] | I40: NfE [g] | J40: Rohfaser [g] | K40: Rohasche [g] | L40: Wasser [g] | M40: TS [g] | N40: Calcium [mg] | O40: Phosphor [mg] | P40: Magnesium [mg] | Q40: Natrium [mg] | R40: Kalium [mg] | S40: Chlorid [mg] | T40: Eisen [mg] | U40: Zink [mg] | V40: Selen [µg] | W40: Kupfer [mg] | X40: Mangan [mg] | Y40: Jod [µg] | Z40: Schwefel [mg] | AA40: Vitamin D3 [µg] | AB40: Vitamin E [mg] | AC40: Vitamin A [µg] | AD40: Vitamin B1 [µg] | AE40: Vitamin B2 [µg] | AF40: Vit. B3/Niacin [µg] | AG40: Vitamin B6 [µg] | AH40: Vitamin B12 [µg] | AI40: Vitamin C [mg] | AJ40: Vitamin K [µg] | AK40: Folsäure [µg] | AL40: Biotin [µg] | AM40: Lactose [g] | AN40: Omega-3, gesamt [mg] | AO40: EPA [mg] | AP40: DHA [mg] | AQ40: Omega-6, gesamt [mg] | AR40: Linolsäure [mg] | AS40: Arginin [mg] | AT40: Cystein [mg] | AU40: Histidin [mg] | AV40: Lysin [mg] | AW40: Methionin [mg] | AX40: Vitamin D I.E. | AY40: Vitamin A IE | AZ40: Vitamin E IE
A41: =_xlfn.XLOOKUP($A14, Lebensmitteldaten!$C:$C, Lebensmitteldaten!$A:$A, "") -> Fleisch | B41: =_xlfn.XLOOKUP($A14, Lebensmitteldaten!$C:$C, Lebensmitteldaten!$B:$B, "") -> V112100 | C41: =A14 -> Pferd Fleisch, roh | D41: =IFERROR((_xlfn.XLOOKUP($C41, Lebensmitteldaten!$C:$C, Lebensmitteldaten!D:D) * $B14) / 100, 0) -> 432 | E41: =IFERROR((_xlfn.XLOOKUP($C41, Lebensmitteldaten!$C:$C, Lebensmitteldaten!E:E) * $B14) / 100, 0) -> 1.8075314 | F41: =IFERROR((_xlfn.XLOOKUP($C41, Lebensmitteldaten!$C:$C, Lebensmitteldaten!F:F) * $B14) / 100, 0) -> 82.4 | G41: =IFERROR((_xlfn.XLOOKUP($C41, Lebensmitteldaten!$C:$C, Lebensmitteldaten!G:G) * $B14) / 100, 0) -> 70.04 | H41: =IFERROR((_xlfn.XLOOKUP($C41, Lebensmitteldaten!$C:$C, Lebensmitteldaten!H:H) * $B14) / 100, 0) -> 10.68 | I41: =IFERROR((_xlfn.XLOOKUP($C41, Lebensmitteldaten!$C:$C, Lebensmitteldaten!I:I) * $B14) / 100, 0) -> 2.2 | J41: =IFERROR((_xlfn.XLOOKUP($C41, Lebensmitteldaten!$C:$C, Lebensmitteldaten!J:J) * $B14) / 100, 0) -> 0 | K41: =IFERROR((_xlfn.XLOOKUP($C41, Lebensmitteldaten!$C:$C, Lebensmitteldaten!K:K) * $B14) / 100, 0) -> 3.92 | L41: =IFERROR((_xlfn.XLOOKUP($C41, Lebensmitteldaten!$C:$C, Lebensmitteldaten!L:L) * $B14) / 100, 0) -> 300.8 | M41: =IFERROR((_xlfn.XLOOKUP($C41, Lebensmitteldaten!$C:$C, Lebensmitteldaten!M:M) * $B14) / 100, 0) -> 99.2 | N41: =IFERROR((_xlfn.XLOOKUP($C41, Lebensmitteldaten!$C:$C, Lebensmitteldaten!N:N) * $B14) / 100, 0) -> 36.6 | O41: =IFERROR((_xlfn.XLOOKUP($C41, Lebensmitteldaten!$C:$C, Lebensmitteldaten!O:O) * $B14) / 100, 0) -> 864 | P41: =IFERROR((_xlfn.XLOOKUP($C41, Lebensmitteldaten!$C:$C, Lebensmitteldaten!P:P) * $B14) / 100, 0) -> 108 | Q41: =IFERROR((_xlfn.XLOOKUP($C41, Lebensmitteldaten!$C:$C, Lebensmitteldaten!Q:Q) * $B14) / 100, 0) -> 176 | R41: =IFERROR((_xlfn.XLOOKUP($C41, Lebensmitteldaten!$C:$C, Lebensmitteldaten!R:R) * $B14) / 100, 0) -> 1600 | S41: =IFERROR((_xlfn.XLOOKUP($C41, Lebensmitteldaten!$C:$C, Lebensmitteldaten!S:S) * $B14) / 100, 0) -> 0 | T41: =IFERROR((_xlfn.XLOOKUP($C41, Lebensmitteldaten!$C:$C, Lebensmitteldaten!T:T) * $B14) / 100, 0) -> 19.6 | U41: =IFERROR((_xlfn.XLOOKUP($C41, Lebensmitteldaten!$C:$C, Lebensmitteldaten!U:U) * $B14) / 100, 0) -> 19.6 | V41: =IFERROR((_xlfn.XLOOKUP($C41, Lebensmitteldaten!$C:$C, Lebensmitteldaten!V:V) * $B14) / 100, 0) -> 0 | W41: =IFERROR((_xlfn.XLOOKUP($C41, Lebensmitteldaten!$C:$C, Lebensmitteldaten!W:W) * $B14) / 100 / 1000, 0) -> 0.84 | X41: =IFERROR((_xlfn.XLOOKUP($C41, Lebensmitteldaten!$C:$C, Lebensmitteldaten!X:X) * $B14) / 100 / 1000, 0) -> 0.096 | Y41: =IFERROR((_xlfn.XLOOKUP($C41, Lebensmitteldaten!$C:$C, Lebensmitteldaten!Y:Y) * $B14) / 100, 0) -> 23.2 | Z41: =IFERROR((_xlfn.XLOOKUP($C41, Lebensmitteldaten!$C:$C, Lebensmitteldaten!Z:Z) * $B14) / 100, 0) -> 0 | AA41: =IFERROR((_xlfn.XLOOKUP($C41, Lebensmitteldaten!$C:$C, Lebensmitteldaten!AA:AA) * $B14) / 100, 0) -> 1.6 | AB41: =IFERROR((_xlfn.XLOOKUP($C41, Lebensmitteldaten!$C:$C, Lebensmitteldaten!AB:AB) * $B14) / 100, 0) -> 1.88 | AC41: =IFERROR((_xlfn.XLOOKUP($C41, Lebensmitteldaten!$C:$C, Lebensmitteldaten!AC:AC) * $B14) / 100, 0) -> 84 | AD41: =IFERROR((_xlfn.XLOOKUP($C41, Lebensmitteldaten!$C:$C, Lebensmitteldaten!AD:AD) * $B14) / 100 * 1000, 0) -> 440 | AE41: =IFERROR((_xlfn.XLOOKUP($C41, Lebensmitteldaten!$C:$C, Lebensmitteldaten!AE:AE) * $B14) / 100 * 1000, 0) -> 600 | AF41: =IFERROR((_xlfn.XLOOKUP($C41, Lebensmitteldaten!$C:$C, Lebensmitteldaten!AF:AF) * $B14) / 100 * 1000, 0) -> 18400 | AG41: =IFERROR((_xlfn.XLOOKUP($C41, Lebensmitteldaten!$C:$C, Lebensmitteldaten!AG:AG) * $B14) / 100, 0) -> 2000 | AH41: =IFERROR((_xlfn.XLOOKUP($C41, Lebensmitteldaten!$C:$C, Lebensmitteldaten!AH:AH) * $B14) / 100, 0) -> 12 | AI41: =IFERROR((_xlfn.XLOOKUP($C41, Lebensmitteldaten!$C:$C, Lebensmitteldaten!AI:AI) * $B14) / 100, 0) -> 0 | AJ41: =IFERROR((_xlfn.XLOOKUP($C41, Lebensmitteldaten!$C:$C, Lebensmitteldaten!AJ:AJ) * $B14) / 100, 0) -> 6.8 | AK41: =IFERROR((_xlfn.XLOOKUP($C41, Lebensmitteldaten!$C:$C, Lebensmitteldaten!AK:AK) * $B14) / 100, 0) -> 12 | AL41: =IFERROR((_xlfn.XLOOKUP($C41, Lebensmitteldaten!$C:$C, Lebensmitteldaten!AL:AL) * $B14) / 100, 0) -> 12 | AM41: =IFERROR((_xlfn.XLOOKUP($C41, Lebensmitteldaten!$C:$C, Lebensmitteldaten!AM:AM) * $B14) / 100, 0) -> 0 | AN41: =IFERROR((_xlfn.XLOOKUP($C41, Lebensmitteldaten!$C:$C, Lebensmitteldaten!AN:AN) * $B14) / 100 * 1000, 0) -> 1069.332 | AO41: =IFERROR((_xlfn.XLOOKUP($C41, Lebensmitteldaten!$C:$C, Lebensmitteldaten!AO:AO) * $B14) / 100 * 1000, 0) -> 0 | AP41: =IFERROR((_xlfn.XLOOKUP($C41, Lebensmitteldaten!$C:$C, Lebensmitteldaten!AP:AP) * $B14) / 100 * 1000, 0) -> 0 | AQ41: =IFERROR((_xlfn.XLOOKUP($C41, Lebensmitteldaten!$C:$C, Lebensmitteldaten!AQ:AQ) * $B14) / 100 * 1000, 0) -> 1196 | AR41: =IFERROR((_xlfn.XLOOKUP($C41, Lebensmitteldaten!$C:$C, Lebensmitteldaten!AR:AR) * $B14) / 100 * 1000, 0) -> 714.668 | AS41: =IFERROR((_xlfn.XLOOKUP($C41, Lebensmitteldaten!$C:$C, Lebensmitteldaten!AS:AS) * $B14) / 100 * 1000, 0) -> 7160 | AT41: =IFERROR((_xlfn.XLOOKUP($C41, Lebensmitteldaten!$C:$C, Lebensmitteldaten!AT:AT) * $B14) / 100 * 1000, 0) -> 0 | AU41: =IFERROR((_xlfn.XLOOKUP($C41, Lebensmitteldaten!$C:$C, Lebensmitteldaten!AU:AU) * $B14) / 100 * 1000, 0) -> 3480 | AV41: =IFERROR((_xlfn.XLOOKUP($C41, Lebensmitteldaten!$C:$C, Lebensmitteldaten!AV:AV) * $B14) / 100 * 1000, 0) -> 6280 | AW41: =IFERROR((_xlfn.XLOOKUP($C41, Lebensmitteldaten!$C:$C, Lebensmitteldaten!AW:AW) * $B14) / 100 * 1000, 0) -> 5120 | AX41: =IFERROR((_xlfn.XLOOKUP($C41, Lebensmitteldaten!$C:$C, Lebensmitteldaten!AX:AX) * $B14) / 100, 0) -> 64 | AY41: =IFERROR((_xlfn.XLOOKUP($C41, Lebensmitteldaten!$C:$C, Lebensmitteldaten!AY:AY) * $B14) / 100, 0) -> 279.72 | AZ41: =IFERROR((_xlfn.XLOOKUP($C41, Lebensmitteldaten!$C:$C, Lebensmitteldaten!AZ:AZ) * $B14) / 100, 0) -> 2.8012
A42: =_xlfn.XLOOKUP($A15, Lebensmitteldaten!$C:$C, Lebensmitteldaten!$A:$A, "") -> Gemüse | B42: =_xlfn.XLOOKUP($A15, Lebensmitteldaten!$C:$C, Lebensmitteldaten!$B:$B, "") -> G582152 | C42: =A15 -> Zucchini gedünstet | D42: =IFERROR((_xlfn.XLOOKUP($C42, Lebensmitteldaten!$C:$C, Lebensmitteldaten!D:D) * $B15) / 100, 0) -> 6.9 | E42: =IFERROR((_xlfn.XLOOKUP($C42, Lebensmitteldaten!$C:$C, Lebensmitteldaten!E:E) * $B15) / 100, 0) -> 0.028870293 | F42: =IFERROR((_xlfn.XLOOKUP($C42, Lebensmitteldaten!$C:$C, Lebensmitteldaten!F:F) * $B15) / 100, 0) -> 0.42 | G42: =IFERROR((_xlfn.XLOOKUP($C42, Lebensmitteldaten!$C:$C, Lebensmitteldaten!G:G) * $B15) / 100, 0) -> 0.357 | H42: =IFERROR((_xlfn.XLOOKUP($C42, Lebensmitteldaten!$C:$C, Lebensmitteldaten!H:H) * $B15) / 100, 0) -> 0.0936 | I42: =IFERROR((_xlfn.XLOOKUP($C42, Lebensmitteldaten!$C:$C, Lebensmitteldaten!I:I) * $B15) / 100, 0) -> 0.6864 | J42: =IFERROR((_xlfn.XLOOKUP($C42, Lebensmitteldaten!$C:$C, Lebensmitteldaten!J:J) * $B15) / 100, 0) -> 0 | K42: =IFERROR((_xlfn.XLOOKUP($C42, Lebensmitteldaten!$C:$C, Lebensmitteldaten!K:K) * $B15) / 100, 0) -> 0.3 | L42: =IFERROR((_xlfn.XLOOKUP($C42, Lebensmitteldaten!$C:$C, Lebensmitteldaten!L:L) * $B15) / 100, 0) -> 28.5 | M42: =IFERROR((_xlfn.XLOOKUP($C42, Lebensmitteldaten!$C:$C, Lebensmitteldaten!M:M) * $B15) / 100, 0) -> 1.5 | N42: =IFERROR((_xlfn.XLOOKUP($C42, Lebensmitteldaten!$C:$C, Lebensmitteldaten!N:N) * $B15) / 100, 0) -> 6.651 | O42: =IFERROR((_xlfn.XLOOKUP($C42, Lebensmitteldaten!$C:$C, Lebensmitteldaten!O:O) * $B15) / 100, 0) -> 14.67 | P42: =IFERROR((_xlfn.XLOOKUP($C42, Lebensmitteldaten!$C:$C, Lebensmitteldaten!P:P) * $B15) / 100, 0) -> 9.33 | Q42: =IFERROR((_xlfn.XLOOKUP($C42, Lebensmitteldaten!$C:$C, Lebensmitteldaten!Q:Q) * $B15) / 100, 0) -> 0.351 | R42: =IFERROR((_xlfn.XLOOKUP($C42, Lebensmitteldaten!$C:$C, Lebensmitteldaten!R:R) * $B15) / 100, 0) -> 84.012 | S42: =IFERROR((_xlfn.XLOOKUP($C42, Lebensmitteldaten!$C:$C, Lebensmitteldaten!S:S) * $B15) / 100, 0) -> 0 | T42: =IFERROR((_xlfn.XLOOKUP($C42, Lebensmitteldaten!$C:$C, Lebensmitteldaten!T:T) * $B15) / 100, 0) -> 0.12 | U42: =IFERROR((_xlfn.XLOOKUP($C42, Lebensmitteldaten!$C:$C, Lebensmitteldaten!U:U) * $B15) / 100, 0) -> 0.078 | V42: =IFERROR((_xlfn.XLOOKUP($C42, Lebensmitteldaten!$C:$C, Lebensmitteldaten!V:V) * $B15) / 100, 0) -> 0 | W42: =IFERROR((_xlfn.XLOOKUP($C42, Lebensmitteldaten!$C:$C, Lebensmitteldaten!W:W) * $B15) / 100 / 1000, 0) -> 0.021 | X42: =IFERROR((_xlfn.XLOOKUP($C42, Lebensmitteldaten!$C:$C, Lebensmitteldaten!X:X) * $B15) / 100 / 1000, 0) -> 0.03 | Y42: =IFERROR((_xlfn.XLOOKUP($C42, Lebensmitteldaten!$C:$C, Lebensmitteldaten!Y:Y) * $B15) / 100, 0) -> 0.792 | Z42: =IFERROR((_xlfn.XLOOKUP($C42, Lebensmitteldaten!$C:$C, Lebensmitteldaten!Z:Z) * $B15) / 100, 0) -> 0 | AA42: =IFERROR((_xlfn.XLOOKUP($C42, Lebensmitteldaten!$C:$C, Lebensmitteldaten!AA:AA) * $B15) / 100, 0) -> 0 | AB42: =IFERROR((_xlfn.XLOOKUP($C42, Lebensmitteldaten!$C:$C, Lebensmitteldaten!AB:AB) * $B15) / 100, 0) -> 0.102 | AC42: =IFERROR((_xlfn.XLOOKUP($C42, Lebensmitteldaten!$C:$C, Lebensmitteldaten!AC:AC) * $B15) / 100, 0) -> 10.2 | AD42: =IFERROR((_xlfn.XLOOKUP($C42, Lebensmitteldaten!$C:$C, Lebensmitteldaten!AD:AD) * $B15) / 100 * 1000, 0) -> 9 | AE42: =IFERROR((_xlfn.XLOOKUP($C42, Lebensmitteldaten!$C:$C, Lebensmitteldaten!AE:AE) * $B15) / 100 * 1000, 0) -> 6 | AF42: =IFERROR((_xlfn.XLOOKUP($C42, Lebensmitteldaten!$C:$C, Lebensmitteldaten!AF:AF) * $B15) / 100 * 1000, 0) -> 126.3 | AG42: =IFERROR((_xlfn.XLOOKUP($C42, Lebensmitteldaten!$C:$C, Lebensmitteldaten!AG:AG) * $B15) / 100, 0) -> 18 | AH42: =IFERROR((_xlfn.XLOOKUP($C42, Lebensmitteldaten!$C:$C, Lebensmitteldaten!AH:AH) * $B15) / 100, 0) -> 0 | AI42: =IFERROR((_xlfn.XLOOKUP($C42, Lebensmitteldaten!$C:$C, Lebensmitteldaten!AI:AI) * $B15) / 100, 0) -> 4.5912 | AJ42: =IFERROR((_xlfn.XLOOKUP($C42, Lebensmitteldaten!$C:$C, Lebensmitteldaten!AJ:AJ) * $B15) / 100, 0) -> 10.5 | AK42: =IFERROR((_xlfn.XLOOKUP($C42, Lebensmitteldaten!$C:$C, Lebensmitteldaten!AK:AK) * $B15) / 100, 0) -> 9.6 | AL42: =IFERROR((_xlfn.XLOOKUP($C42, Lebensmitteldaten!$C:$C, Lebensmitteldaten!AL:AL) * $B15) / 100, 0) -> 1.02 | AM42: =IFERROR((_xlfn.XLOOKUP($C42, Lebensmitteldaten!$C:$C, Lebensmitteldaten!AM:AM) * $B15) / 100, 0) -> 0 | AN42: =IFERROR((_xlfn.XLOOKUP($C42, Lebensmitteldaten!$C:$C, Lebensmitteldaten!AN:AN) * $B15) / 100 * 1000, 0) -> 28.5 | AO42: =IFERROR((_xlfn.XLOOKUP($C42, Lebensmitteldaten!$C:$C, Lebensmitteldaten!AO:AO) * $B15) / 100 * 1000, 0) -> 0 | AP42: =IFERROR((_xlfn.XLOOKUP($C42, Lebensmitteldaten!$C:$C, Lebensmitteldaten!AP:AP) * $B15) / 100 * 1000, 0) -> 0 | AQ42: =IFERROR((_xlfn.XLOOKUP($C42, Lebensmitteldaten!$C:$C, Lebensmitteldaten!AQ:AQ) * $B15) / 100 * 1000, 0) -> 17.1 | AR42: =IFERROR((_xlfn.XLOOKUP($C42, Lebensmitteldaten!$C:$C, Lebensmitteldaten!AR:AR) * $B15) / 100 * 1000, 0) -> 17.1 | AS42: =IFERROR((_xlfn.XLOOKUP($C42, Lebensmitteldaten!$C:$C, Lebensmitteldaten!AS:AS) * $B15) / 100 * 1000, 0) -> 0 | AT42: =IFERROR((_xlfn.XLOOKUP($C42, Lebensmitteldaten!$C:$C, Lebensmitteldaten!AT:AT) * $B15) / 100 * 1000, 0) -> 0 | AU42: =IFERROR((_xlfn.XLOOKUP($C42, Lebensmitteldaten!$C:$C, Lebensmitteldaten!AU:AU) * $B15) / 100 * 1000, 0) -> 0 | AV42: =IFERROR((_xlfn.XLOOKUP($C42, Lebensmitteldaten!$C:$C, Lebensmitteldaten!AV:AV) * $B15) / 100 * 1000, 0) -> 0 | AW42: =IFERROR((_xlfn.XLOOKUP($C42, Lebensmitteldaten!$C:$C, Lebensmitteldaten!AW:AW) * $B15) / 100 * 1000, 0) -> 0 | AX42: =IFERROR((_xlfn.XLOOKUP($C42, Lebensmitteldaten!$C:$C, Lebensmitteldaten!AX:AX) * $B15) / 100, 0) -> 0 | AY42: =IFERROR((_xlfn.XLOOKUP($C42, Lebensmitteldaten!$C:$C, Lebensmitteldaten!AY:AY) * $B15) / 100, 0) -> 33.966 | AZ42: =IFERROR((_xlfn.XLOOKUP($C42, Lebensmitteldaten!$C:$C, Lebensmitteldaten!AZ:AZ) * $B15) / 100, 0) -> 0.15198
A43: =_xlfn.XLOOKUP($A16, Lebensmitteldaten!$C:$C, Lebensmitteldaten!$A:$A, "") -> Gemüse | B43: =_xlfn.XLOOKUP($A16, Lebensmitteldaten!$C:$C, Lebensmitteldaten!$B:$B, "") -> G620132 | C43: =A16 -> Karotte/Möhre, gekocht | D43: =IFERROR((_xlfn.XLOOKUP($C43, Lebensmitteldaten!$C:$C, Lebensmitteldaten!D:D) * $B16) / 100, 0) -> 30.6 | E43: =IFERROR((_xlfn.XLOOKUP($C43, Lebensmitteldaten!$C:$C, Lebensmitteldaten!E:E) * $B16) / 100, 0) -> 0.12803347 | F43: =IFERROR((_xlfn.XLOOKUP($C43, Lebensmitteldaten!$C:$C, Lebensmitteldaten!F:F) * $B16) / 100, 0) -> 0.45 | G43: =IFERROR((_xlfn.XLOOKUP($C43, Lebensmitteldaten!$C:$C, Lebensmitteldaten!G:G) * $B16) / 100, 0) -> 0.3825 | H43: =IFERROR((_xlfn.XLOOKUP($C43, Lebensmitteldaten!$C:$C, Lebensmitteldaten!H:H) * $B16) / 100, 0) -> 0.45 | I43: =IFERROR((_xlfn.XLOOKUP($C43, Lebensmitteldaten!$C:$C, Lebensmitteldaten!I:I) * $B16) / 100, 0) -> 8.37 | J43: =IFERROR((_xlfn.XLOOKUP($C43, Lebensmitteldaten!$C:$C, Lebensmitteldaten!J:J) * $B16) / 100, 0) -> 0 | K43: =IFERROR((_xlfn.XLOOKUP($C43, Lebensmitteldaten!$C:$C, Lebensmitteldaten!K:K) * $B16) / 100, 0) -> 0.45 | L43: =IFERROR((_xlfn.XLOOKUP($C43, Lebensmitteldaten!$C:$C, Lebensmitteldaten!L:L) * $B16) / 100, 0) -> 80.28 | M43: =IFERROR((_xlfn.XLOOKUP($C43, Lebensmitteldaten!$C:$C, Lebensmitteldaten!M:M) * $B16) / 100, 0) -> 9.72 | N43: =IFERROR((_xlfn.XLOOKUP($C43, Lebensmitteldaten!$C:$C, Lebensmitteldaten!N:N) * $B16) / 100, 0) -> 27.9 | O43: =IFERROR((_xlfn.XLOOKUP($C43, Lebensmitteldaten!$C:$C, Lebensmitteldaten!O:O) * $B16) / 100, 0) -> 25.38 | P43: =IFERROR((_xlfn.XLOOKUP($C43, Lebensmitteldaten!$C:$C, Lebensmitteldaten!P:P) * $B16) / 100, 0) -> 7.2 | Q43: =IFERROR((_xlfn.XLOOKUP($C43, Lebensmitteldaten!$C:$C, Lebensmitteldaten!Q:Q) * $B16) / 100, 0) -> 26.1 | R43: =IFERROR((_xlfn.XLOOKUP($C43, Lebensmitteldaten!$C:$C, Lebensmitteldaten!R:R) * $B16) / 100, 0) -> 149.4 | S43: =IFERROR((_xlfn.XLOOKUP($C43, Lebensmitteldaten!$C:$C, Lebensmitteldaten!S:S) * $B16) / 100, 0) -> 0 | T43: =IFERROR((_xlfn.XLOOKUP($C43, Lebensmitteldaten!$C:$C, Lebensmitteldaten!T:T) * $B16) / 100, 0) -> 0.306 | U43: =IFERROR((_xlfn.XLOOKUP($C43, Lebensmitteldaten!$C:$C, Lebensmitteldaten!U:U) * $B16) / 100, 0) -> 0.117 | V43: =IFERROR((_xlfn.XLOOKUP($C43, Lebensmitteldaten!$C:$C, Lebensmitteldaten!V:V) * $B16) / 100, 0) -> 0 | W43: =IFERROR((_xlfn.XLOOKUP($C43, Lebensmitteldaten!$C:$C, Lebensmitteldaten!W:W) * $B16) / 100 / 1000, 0) -> 0.0153 | X43: =IFERROR((_xlfn.XLOOKUP($C43, Lebensmitteldaten!$C:$C, Lebensmitteldaten!X:X) * $B16) / 100 / 1000, 0) -> 0.1062 | Y43: =IFERROR((_xlfn.XLOOKUP($C43, Lebensmitteldaten!$C:$C, Lebensmitteldaten!Y:Y) * $B16) / 100, 0) -> 2.61 | Z43: =IFERROR((_xlfn.XLOOKUP($C43, Lebensmitteldaten!$C:$C, Lebensmitteldaten!Z:Z) * $B16) / 100, 0) -> 0 | AA43: =IFERROR((_xlfn.XLOOKUP($C43, Lebensmitteldaten!$C:$C, Lebensmitteldaten!AA:AA) * $B16) / 100, 0) -> 0 | AB43: =IFERROR((_xlfn.XLOOKUP($C43, Lebensmitteldaten!$C:$C, Lebensmitteldaten!AB:AB) * $B16) / 100, 0) -> 0.72 | AC43: =IFERROR((_xlfn.XLOOKUP($C43, Lebensmitteldaten!$C:$C, Lebensmitteldaten!AC:AC) * $B16) / 100, 0) -> 162 | AD43: =IFERROR((_xlfn.XLOOKUP($C43, Lebensmitteldaten!$C:$C, Lebensmitteldaten!AD:AD) * $B16) / 100 * 1000, 0) -> 81 | AE43: =IFERROR((_xlfn.XLOOKUP($C43, Lebensmitteldaten!$C:$C, Lebensmitteldaten!AE:AE) * $B16) / 100 * 1000, 0) -> 18 | AF43: =IFERROR((_xlfn.XLOOKUP($C43, Lebensmitteldaten!$C:$C, Lebensmitteldaten!AF:AF) * $B16) / 100 * 1000, 0) -> 180 | AG43: =IFERROR((_xlfn.XLOOKUP($C43, Lebensmitteldaten!$C:$C, Lebensmitteldaten!AG:AG) * $B16) / 100, 0) -> 24.381 | AH43: =IFERROR((_xlfn.XLOOKUP($C43, Lebensmitteldaten!$C:$C, Lebensmitteldaten!AH:AH) * $B16) / 100, 0) -> 0 | AI43: =IFERROR((_xlfn.XLOOKUP($C43, Lebensmitteldaten!$C:$C, Lebensmitteldaten!AI:AI) * $B16) / 100, 0) -> 4.5 | AJ43: =IFERROR((_xlfn.XLOOKUP($C43, Lebensmitteldaten!$C:$C, Lebensmitteldaten!AJ:AJ) * $B16) / 100, 0) -> 9.9 | AK43: =IFERROR((_xlfn.XLOOKUP($C43, Lebensmitteldaten!$C:$C, Lebensmitteldaten!AK:AK) * $B16) / 100, 0) -> 27.9 | AL43: =IFERROR((_xlfn.XLOOKUP($C43, Lebensmitteldaten!$C:$C, Lebensmitteldaten!AL:AL) * $B16) / 100, 0) -> 0.27 | AM43: =IFERROR((_xlfn.XLOOKUP($C43, Lebensmitteldaten!$C:$C, Lebensmitteldaten!AM:AM) * $B16) / 100, 0) -> 0 | AN43: =IFERROR((_xlfn.XLOOKUP($C43, Lebensmitteldaten!$C:$C, Lebensmitteldaten!AN:AN) * $B16) / 100 * 1000, 0) -> 4.86 | AO43: =IFERROR((_xlfn.XLOOKUP($C43, Lebensmitteldaten!$C:$C, Lebensmitteldaten!AO:AO) * $B16) / 100 * 1000, 0) -> 0 | AP43: =IFERROR((_xlfn.XLOOKUP($C43, Lebensmitteldaten!$C:$C, Lebensmitteldaten!AP:AP) * $B16) / 100 * 1000, 0) -> 0 | AQ43: =IFERROR((_xlfn.XLOOKUP($C43, Lebensmitteldaten!$C:$C, Lebensmitteldaten!AQ:AQ) * $B16) / 100 * 1000, 0) -> 62.37 | AR43: =IFERROR((_xlfn.XLOOKUP($C43, Lebensmitteldaten!$C:$C, Lebensmitteldaten!AR:AR) * $B16) / 100 * 1000, 0) -> 61.02 | AS43: =IFERROR((_xlfn.XLOOKUP($C43, Lebensmitteldaten!$C:$C, Lebensmitteldaten!AS:AS) * $B16) / 100 * 1000, 0) -> 36.9 | AT43: =IFERROR((_xlfn.XLOOKUP($C43, Lebensmitteldaten!$C:$C, Lebensmitteldaten!AT:AT) * $B16) / 100 * 1000, 0) -> 11.7 | AU43: =IFERROR((_xlfn.XLOOKUP($C43, Lebensmitteldaten!$C:$C, Lebensmitteldaten!AU:AU) * $B16) / 100 * 1000, 0) -> 13.5 | AV43: =IFERROR((_xlfn.XLOOKUP($C43, Lebensmitteldaten!$C:$C, Lebensmitteldaten!AV:AV) * $B16) / 100 * 1000, 0) -> 42.3 | AW43: =IFERROR((_xlfn.XLOOKUP($C43, Lebensmitteldaten!$C:$C, Lebensmitteldaten!AW:AW) * $B16) / 100 * 1000, 0) -> 7.2 | AX43: =IFERROR((_xlfn.XLOOKUP($C43, Lebensmitteldaten!$C:$C, Lebensmitteldaten!AX:AX) * $B16) / 100, 0) -> 0 | AY43: =IFERROR((_xlfn.XLOOKUP($C43, Lebensmitteldaten!$C:$C, Lebensmitteldaten!AY:AY) * $B16) / 100, 0) -> 539.46 | AZ43: =IFERROR((_xlfn.XLOOKUP($C43, Lebensmitteldaten!$C:$C, Lebensmitteldaten!AZ:AZ) * $B16) / 100, 0) -> 1.0728
A44: =_xlfn.XLOOKUP($A17, Lebensmitteldaten!$C:$C, Lebensmitteldaten!$A:$A, "") -> Kohlenhydrate | B44: =_xlfn.XLOOKUP($A17, Lebensmitteldaten!$C:$C, Lebensmitteldaten!$B:$B, "") -> C352000 | C44: =A17 -> Reis poliert, roh | D44: =IFERROR((_xlfn.XLOOKUP($C44, Lebensmitteldaten!$C:$C, Lebensmitteldaten!D:D) * $B17) / 100, 0) -> 140.4 | E44: =IFERROR((_xlfn.XLOOKUP($C44, Lebensmitteldaten!$C:$C, Lebensmitteldaten!E:E) * $B17) / 100, 0) -> 0.5874477 | F44: =IFERROR((_xlfn.XLOOKUP($C44, Lebensmitteldaten!$C:$C, Lebensmitteldaten!F:F) * $B17) / 100, 0) -> 3.1724 | G44: =IFERROR((_xlfn.XLOOKUP($C44, Lebensmitteldaten!$C:$C, Lebensmitteldaten!G:G) * $B17) / 100, 0) -> 2.69654 | H44: =IFERROR((_xlfn.XLOOKUP($C44, Lebensmitteldaten!$C:$C, Lebensmitteldaten!H:H) * $B17) / 100, 0) -> 0.248 | I44: =IFERROR((_xlfn.XLOOKUP($C44, Lebensmitteldaten!$C:$C, Lebensmitteldaten!I:I) * $B17) / 100, 0) -> 31.6516 | J44: =IFERROR((_xlfn.XLOOKUP($C44, Lebensmitteldaten!$C:$C, Lebensmitteldaten!J:J) * $B17) / 100, 0) -> 0 | K44: =IFERROR((_xlfn.XLOOKUP($C44, Lebensmitteldaten!$C:$C, Lebensmitteldaten!K:K) * $B17) / 100, 0) -> 0.176 | L44: =IFERROR((_xlfn.XLOOKUP($C44, Lebensmitteldaten!$C:$C, Lebensmitteldaten!L:L) * $B17) / 100, 0) -> 4.752 | M44: =IFERROR((_xlfn.XLOOKUP($C44, Lebensmitteldaten!$C:$C, Lebensmitteldaten!M:M) * $B17) / 100, 0) -> 35.248 | N44: =IFERROR((_xlfn.XLOOKUP($C44, Lebensmitteldaten!$C:$C, Lebensmitteldaten!N:N) * $B17) / 100, 0) -> 2 | O44: =IFERROR((_xlfn.XLOOKUP($C44, Lebensmitteldaten!$C:$C, Lebensmitteldaten!O:O) * $B17) / 100, 0) -> 45.408 | P44: =IFERROR((_xlfn.XLOOKUP($C44, Lebensmitteldaten!$C:$C, Lebensmitteldaten!P:P) * $B17) / 100, 0) -> 16.192 | Q44: =IFERROR((_xlfn.XLOOKUP($C44, Lebensmitteldaten!$C:$C, Lebensmitteldaten!Q:Q) * $B17) / 100, 0) -> 6.308 | R44: =IFERROR((_xlfn.XLOOKUP($C44, Lebensmitteldaten!$C:$C, Lebensmitteldaten!R:R) * $B17) / 100, 0) -> 42.648 | S44: =IFERROR((_xlfn.XLOOKUP($C44, Lebensmitteldaten!$C:$C, Lebensmitteldaten!S:S) * $B17) / 100, 0) -> 0 | T44: =IFERROR((_xlfn.XLOOKUP($C44, Lebensmitteldaten!$C:$C, Lebensmitteldaten!T:T) * $B17) / 100, 0) -> 0.116596 | U44: =IFERROR((_xlfn.XLOOKUP($C44, Lebensmitteldaten!$C:$C, Lebensmitteldaten!U:U) * $B17) / 100, 0) -> 1.213244 | V44: =IFERROR((_xlfn.XLOOKUP($C44, Lebensmitteldaten!$C:$C, Lebensmitteldaten!V:V) * $B17) / 100, 0) -> 0 | W44: =IFERROR((_xlfn.XLOOKUP($C44, Lebensmitteldaten!$C:$C, Lebensmitteldaten!W:W) * $B17) / 100 / 1000, 0) -> 0.100492 | X44: =IFERROR((_xlfn.XLOOKUP($C44, Lebensmitteldaten!$C:$C, Lebensmitteldaten!X:X) * $B17) / 100 / 1000, 0) -> 0.280772 | Y44: =IFERROR((_xlfn.XLOOKUP($C44, Lebensmitteldaten!$C:$C, Lebensmitteldaten!Y:Y) * $B17) / 100, 0) -> 2.476 | Z44: =IFERROR((_xlfn.XLOOKUP($C44, Lebensmitteldaten!$C:$C, Lebensmitteldaten!Z:Z) * $B17) / 100, 0) -> 0 | AA44: =IFERROR((_xlfn.XLOOKUP($C44, Lebensmitteldaten!$C:$C, Lebensmitteldaten!AA:AA) * $B17) / 100, 0) -> 0 | AB44: =IFERROR((_xlfn.XLOOKUP($C44, Lebensmitteldaten!$C:$C, Lebensmitteldaten!AB:AB) * $B17) / 100, 0) -> 0.0212 | AC44: =IFERROR((_xlfn.XLOOKUP($C44, Lebensmitteldaten!$C:$C, Lebensmitteldaten!AC:AC) * $B17) / 100, 0) -> 0 | AD44: =IFERROR((_xlfn.XLOOKUP($C44, Lebensmitteldaten!$C:$C, Lebensmitteldaten!AD:AD) * $B17) / 100 * 1000, 0) -> 50.4 | AE44: =IFERROR((_xlfn.XLOOKUP($C44, Lebensmitteldaten!$C:$C, Lebensmitteldaten!AE:AE) * $B17) / 100 * 1000, 0) -> 2 | AF44: =IFERROR((_xlfn.XLOOKUP($C44, Lebensmitteldaten!$C:$C, Lebensmitteldaten!AF:AF) * $B17) / 100 * 1000, 0) -> 520 | AG44: =IFERROR((_xlfn.XLOOKUP($C44, Lebensmitteldaten!$C:$C, Lebensmitteldaten!AG:AG) * $B17) / 100, 0) -> 19.2 | AH44: =IFERROR((_xlfn.XLOOKUP($C44, Lebensmitteldaten!$C:$C, Lebensmitteldaten!AH:AH) * $B17) / 100, 0) -> 0 | AI44: =IFERROR((_xlfn.XLOOKUP($C44, Lebensmitteldaten!$C:$C, Lebensmitteldaten!AI:AI) * $B17) / 100, 0) -> 0 | AJ44: =IFERROR((_xlfn.XLOOKUP($C44, Lebensmitteldaten!$C:$C, Lebensmitteldaten!AJ:AJ) * $B17) / 100, 0) -> 0.04 | AK44: =IFERROR((_xlfn.XLOOKUP($C44, Lebensmitteldaten!$C:$C, Lebensmitteldaten!AK:AK) * $B17) / 100, 0) -> 4.52 | AL44: =IFERROR((_xlfn.XLOOKUP($C44, Lebensmitteldaten!$C:$C, Lebensmitteldaten!AL:AL) * $B17) / 100, 0) -> 1.2 | AM44: =IFERROR((_xlfn.XLOOKUP($C44, Lebensmitteldaten!$C:$C, Lebensmitteldaten!AM:AM) * $B17) / 100, 0) -> 0 | AN44: =IFERROR((_xlfn.XLOOKUP($C44, Lebensmitteldaten!$C:$C, Lebensmitteldaten!AN:AN) * $B17) / 100 * 1000, 0) -> 4.8 | AO44: =IFERROR((_xlfn.XLOOKUP($C44, Lebensmitteldaten!$C:$C, Lebensmitteldaten!AO:AO) * $B17) / 100 * 1000, 0) -> 0 | AP44: =IFERROR((_xlfn.XLOOKUP($C44, Lebensmitteldaten!$C:$C, Lebensmitteldaten!AP:AP) * $B17) / 100 * 1000, 0) -> 0 | AQ44: =IFERROR((_xlfn.XLOOKUP($C44, Lebensmitteldaten!$C:$C, Lebensmitteldaten!AQ:AQ) * $B17) / 100 * 1000, 0) -> 88 | AR44: =IFERROR((_xlfn.XLOOKUP($C44, Lebensmitteldaten!$C:$C, Lebensmitteldaten!AR:AR) * $B17) / 100 * 1000, 0) -> 88 | AS44: =IFERROR((_xlfn.XLOOKUP($C44, Lebensmitteldaten!$C:$C, Lebensmitteldaten!AS:AS) * $B17) / 100 * 1000, 0) -> 228 | AT44: =IFERROR((_xlfn.XLOOKUP($C44, Lebensmitteldaten!$C:$C, Lebensmitteldaten!AT:AT) * $B17) / 100 * 1000, 0) -> 44 | AU44: =IFERROR((_xlfn.XLOOKUP($C44, Lebensmitteldaten!$C:$C, Lebensmitteldaten!AU:AU) * $B17) / 100 * 1000, 0) -> 68 | AV44: =IFERROR((_xlfn.XLOOKUP($C44, Lebensmitteldaten!$C:$C, Lebensmitteldaten!AV:AV) * $B17) / 100 * 1000, 0) -> 116 | AW44: =IFERROR((_xlfn.XLOOKUP($C44, Lebensmitteldaten!$C:$C, Lebensmitteldaten!AW:AW) * $B17) / 100 * 1000, 0) -> 68 | AX44: =IFERROR((_xlfn.XLOOKUP($C44, Lebensmitteldaten!$C:$C, Lebensmitteldaten!AX:AX) * $B17) / 100, 0) -> 0 | AY44: =IFERROR((_xlfn.XLOOKUP($C44, Lebensmitteldaten!$C:$C, Lebensmitteldaten!AY:AY) * $B17) / 100, 0) -> 0 | AZ44: =IFERROR((_xlfn.XLOOKUP($C44, Lebensmitteldaten!$C:$C, Lebensmitteldaten!AZ:AZ) * $B17) / 100, 0) -> 0.031588
A45: =_xlfn.XLOOKUP($A18, Lebensmitteldaten!$C:$C, Lebensmitteldaten!$A:$A, "") -> Fette | B45: =_xlfn.XLOOKUP($A18, Lebensmitteldaten!$C:$C, Lebensmitteldaten!$B:$B, "") -> 0 | C45: =A18 -> Anchovisöl Kochen für Hunde | D45: =IFERROR((_xlfn.XLOOKUP($C45, Lebensmitteldaten!$C:$C, Lebensmitteldaten!D:D) * $B18) / 100, 0) -> 50.49 | E45: =IFERROR((_xlfn.XLOOKUP($C45, Lebensmitteldaten!$C:$C, Lebensmitteldaten!E:E) * $B18) / 100, 0) -> 0.21125523 | F45: =IFERROR((_xlfn.XLOOKUP($C45, Lebensmitteldaten!$C:$C, Lebensmitteldaten!F:F) * $B18) / 100, 0) -> 0 | G45: =IFERROR((_xlfn.XLOOKUP($C45, Lebensmitteldaten!$C:$C, Lebensmitteldaten!G:G) * $B18) / 100, 0) -> 0 | H45: =IFERROR((_xlfn.XLOOKUP($C45, Lebensmitteldaten!$C:$C, Lebensmitteldaten!H:H) * $B18) / 100, 0) -> 5.94 | I45: =IFERROR((_xlfn.XLOOKUP($C45, Lebensmitteldaten!$C:$C, Lebensmitteldaten!I:I) * $B18) / 100, 0) -> 0.06 | J45: =IFERROR((_xlfn.XLOOKUP($C45, Lebensmitteldaten!$C:$C, Lebensmitteldaten!J:J) * $B18) / 100, 0) -> 0 | K45: =IFERROR((_xlfn.XLOOKUP($C45, Lebensmitteldaten!$C:$C, Lebensmitteldaten!K:K) * $B18) / 100, 0) -> 0 | L45: =IFERROR((_xlfn.XLOOKUP($C45, Lebensmitteldaten!$C:$C, Lebensmitteldaten!L:L) * $B18) / 100, 0) -> 0 | M45: =IFERROR((_xlfn.XLOOKUP($C45, Lebensmitteldaten!$C:$C, Lebensmitteldaten!M:M) * $B18) / 100, 0) -> 6 | N45: =IFERROR((_xlfn.XLOOKUP($C45, Lebensmitteldaten!$C:$C, Lebensmitteldaten!N:N) * $B18) / 100, 0) -> 0 | O45: =IFERROR((_xlfn.XLOOKUP($C45, Lebensmitteldaten!$C:$C, Lebensmitteldaten!O:O) * $B18) / 100, 0) -> 0 | P45: =IFERROR((_xlfn.XLOOKUP($C45, Lebensmitteldaten!$C:$C, Lebensmitteldaten!P:P) * $B18) / 100, 0) -> 0 | Q45: =IFERROR((_xlfn.XLOOKUP($C45, Lebensmitteldaten!$C:$C, Lebensmitteldaten!Q:Q) * $B18) / 100, 0) -> 0 | R45: =IFERROR((_xlfn.XLOOKUP($C45, Lebensmitteldaten!$C:$C, Lebensmitteldaten!R:R) * $B18) / 100, 0) -> 0 | S45: =IFERROR((_xlfn.XLOOKUP($C45, Lebensmitteldaten!$C:$C, Lebensmitteldaten!S:S) * $B18) / 100, 0) -> 0 | T45: =IFERROR((_xlfn.XLOOKUP($C45, Lebensmitteldaten!$C:$C, Lebensmitteldaten!T:T) * $B18) / 100, 0) -> 0 | U45: =IFERROR((_xlfn.XLOOKUP($C45, Lebensmitteldaten!$C:$C, Lebensmitteldaten!U:U) * $B18) / 100, 0) -> 0 | V45: =IFERROR((_xlfn.XLOOKUP($C45, Lebensmitteldaten!$C:$C, Lebensmitteldaten!V:V) * $B18) / 100, 0) -> 0 | W45: =IFERROR((_xlfn.XLOOKUP($C45, Lebensmitteldaten!$C:$C, Lebensmitteldaten!W:W) * $B18) / 100 / 1000, 0) -> 0 | X45: =IFERROR((_xlfn.XLOOKUP($C45, Lebensmitteldaten!$C:$C, Lebensmitteldaten!X:X) * $B18) / 100 / 1000, 0) -> 0 | Y45: =IFERROR((_xlfn.XLOOKUP($C45, Lebensmitteldaten!$C:$C, Lebensmitteldaten!Y:Y) * $B18) / 100, 0) -> 0 | Z45: =IFERROR((_xlfn.XLOOKUP($C45, Lebensmitteldaten!$C:$C, Lebensmitteldaten!Z:Z) * $B18) / 100, 0) -> 0 | AA45: =IFERROR((_xlfn.XLOOKUP($C45, Lebensmitteldaten!$C:$C, Lebensmitteldaten!AA:AA) * $B18) / 100, 0) -> 0 | AB45: =IFERROR((_xlfn.XLOOKUP($C45, Lebensmitteldaten!$C:$C, Lebensmitteldaten!AB:AB) * $B18) / 100, 0) -> 43.5 | AC45: =IFERROR((_xlfn.XLOOKUP($C45, Lebensmitteldaten!$C:$C, Lebensmitteldaten!AC:AC) * $B18) / 100, 0) -> 0 | AD45: =IFERROR((_xlfn.XLOOKUP($C45, Lebensmitteldaten!$C:$C, Lebensmitteldaten!AD:AD) * $B18) / 100 * 1000, 0) -> 0 | AE45: =IFERROR((_xlfn.XLOOKUP($C45, Lebensmitteldaten!$C:$C, Lebensmitteldaten!AE:AE) * $B18) / 100 * 1000, 0) -> 0 | AF45: =IFERROR((_xlfn.XLOOKUP($C45, Lebensmitteldaten!$C:$C, Lebensmitteldaten!AF:AF) * $B18) / 100 * 1000, 0) -> 0 | AG45: =IFERROR((_xlfn.XLOOKUP($C45, Lebensmitteldaten!$C:$C, Lebensmitteldaten!AG:AG) * $B18) / 100, 0) -> 0 | AH45: =IFERROR((_xlfn.XLOOKUP($C45, Lebensmitteldaten!$C:$C, Lebensmitteldaten!AH:AH) * $B18) / 100, 0) -> 0 | AI45: =IFERROR((_xlfn.XLOOKUP($C45, Lebensmitteldaten!$C:$C, Lebensmitteldaten!AI:AI) * $B18) / 100, 0) -> 0 | AJ45: =IFERROR((_xlfn.XLOOKUP($C45, Lebensmitteldaten!$C:$C, Lebensmitteldaten!AJ:AJ) * $B18) / 100, 0) -> 0 | AK45: =IFERROR((_xlfn.XLOOKUP($C45, Lebensmitteldaten!$C:$C, Lebensmitteldaten!AK:AK) * $B18) / 100, 0) -> 0 | AL45: =IFERROR((_xlfn.XLOOKUP($C45, Lebensmitteldaten!$C:$C, Lebensmitteldaten!AL:AL) * $B18) / 100, 0) -> 0 | AM45: =IFERROR((_xlfn.XLOOKUP($C45, Lebensmitteldaten!$C:$C, Lebensmitteldaten!AM:AM) * $B18) / 100, 0) -> 0 | AN45: =IFERROR((_xlfn.XLOOKUP($C45, Lebensmitteldaten!$C:$C, Lebensmitteldaten!AN:AN) * $B18) / 100 * 1000, 0) -> 0 | AO45: =IFERROR((_xlfn.XLOOKUP($C45, Lebensmitteldaten!$C:$C, Lebensmitteldaten!AO:AO) * $B18) / 100 * 1000, 0) -> 1110 | AP45: =IFERROR((_xlfn.XLOOKUP($C45, Lebensmitteldaten!$C:$C, Lebensmitteldaten!AP:AP) * $B18) / 100 * 1000, 0) -> 828 | AQ45: =IFERROR((_xlfn.XLOOKUP($C45, Lebensmitteldaten!$C:$C, Lebensmitteldaten!AQ:AQ) * $B18) / 100 * 1000, 0) -> 0 | AR45: =IFERROR((_xlfn.XLOOKUP($C45, Lebensmitteldaten!$C:$C, Lebensmitteldaten!AR:AR) * $B18) / 100 * 1000, 0) -> 102 | AS45: =IFERROR((_xlfn.XLOOKUP($C45, Lebensmitteldaten!$C:$C, Lebensmitteldaten!AS:AS) * $B18) / 100 * 1000, 0) -> 0 | AT45: =IFERROR((_xlfn.XLOOKUP($C45, Lebensmitteldaten!$C:$C, Lebensmitteldaten!AT:AT) * $B18) / 100 * 1000, 0) -> 0 | AU45: =IFERROR((_xlfn.XLOOKUP($C45, Lebensmitteldaten!$C:$C, Lebensmitteldaten!AU:AU) * $B18) / 100 * 1000, 0) -> 0 | AV45: =IFERROR((_xlfn.XLOOKUP($C45, Lebensmitteldaten!$C:$C, Lebensmitteldaten!AV:AV) * $B18) / 100 * 1000, 0) -> 0 | AW45: =IFERROR((_xlfn.XLOOKUP($C45, Lebensmitteldaten!$C:$C, Lebensmitteldaten!AW:AW) * $B18) / 100 * 1000, 0) -> 0 | AX45: =IFERROR((_xlfn.XLOOKUP($C45, Lebensmitteldaten!$C:$C, Lebensmitteldaten!AX:AX) * $B18) / 100, 0) -> 0 | AY45: =IFERROR((_xlfn.XLOOKUP($C45, Lebensmitteldaten!$C:$C, Lebensmitteldaten!AY:AY) * $B18) / 100, 0) -> 0 | AZ45: =IFERROR((_xlfn.XLOOKUP($C45, Lebensmitteldaten!$C:$C, Lebensmitteldaten!AZ:AZ) * $B18) / 100, 0) -> 64.815
A46: =_xlfn.XLOOKUP($A19, Lebensmitteldaten!$C:$C, Lebensmitteldaten!$A:$A, "") -> Fette | B46: =_xlfn.XLOOKUP($A19, Lebensmitteldaten!$C:$C, Lebensmitteldaten!$B:$B, "") -> Q170000 | C46: =A19 -> Hanföl | D46: =IFERROR((_xlfn.XLOOKUP($C46, Lebensmitteldaten!$C:$C, Lebensmitteldaten!D:D) * $B19) / 100, 0) -> 54 | E46: =IFERROR((_xlfn.XLOOKUP($C46, Lebensmitteldaten!$C:$C, Lebensmitteldaten!E:E) * $B19) / 100, 0) -> 0.22594142 | F46: =IFERROR((_xlfn.XLOOKUP($C46, Lebensmitteldaten!$C:$C, Lebensmitteldaten!F:F) * $B19) / 100, 0) -> 0 | G46: =IFERROR((_xlfn.XLOOKUP($C46, Lebensmitteldaten!$C:$C, Lebensmitteldaten!G:G) * $B19) / 100, 0) -> 0 | H46: =IFERROR((_xlfn.XLOOKUP($C46, Lebensmitteldaten!$C:$C, Lebensmitteldaten!H:H) * $B19) / 100, 0) -> 6 | I46: =IFERROR((_xlfn.XLOOKUP($C46, Lebensmitteldaten!$C:$C, Lebensmitteldaten!I:I) * $B19) / 100, 0) -> 0 | J46: =IFERROR((_xlfn.XLOOKUP($C46, Lebensmitteldaten!$C:$C, Lebensmitteldaten!J:J) * $B19) / 100, 0) -> 0 | K46: =IFERROR((_xlfn.XLOOKUP($C46, Lebensmitteldaten!$C:$C, Lebensmitteldaten!K:K) * $B19) / 100, 0) -> 0 | L46: =IFERROR((_xlfn.XLOOKUP($C46, Lebensmitteldaten!$C:$C, Lebensmitteldaten!L:L) * $B19) / 100, 0) -> 0 | M46: =IFERROR((_xlfn.XLOOKUP($C46, Lebensmitteldaten!$C:$C, Lebensmitteldaten!M:M) * $B19) / 100, 0) -> 6 | N46: =IFERROR((_xlfn.XLOOKUP($C46, Lebensmitteldaten!$C:$C, Lebensmitteldaten!N:N) * $B19) / 100, 0) -> 0.02650206 | O46: =IFERROR((_xlfn.XLOOKUP($C46, Lebensmitteldaten!$C:$C, Lebensmitteldaten!O:O) * $B19) / 100, 0) -> 0.10212 | P46: =IFERROR((_xlfn.XLOOKUP($C46, Lebensmitteldaten!$C:$C, Lebensmitteldaten!P:P) * $B19) / 100, 0) -> 0.02672826 | Q46: =IFERROR((_xlfn.XLOOKUP($C46, Lebensmitteldaten!$C:$C, Lebensmitteldaten!Q:Q) * $B19) / 100, 0) -> 0.099 | R46: =IFERROR((_xlfn.XLOOKUP($C46, Lebensmitteldaten!$C:$C, Lebensmitteldaten!R:R) * $B19) / 100, 0) -> 0.0406809 | S46: =IFERROR((_xlfn.XLOOKUP($C46, Lebensmitteldaten!$C:$C, Lebensmitteldaten!S:S) * $B19) / 100, 0) -> 0 | T46: =IFERROR((_xlfn.XLOOKUP($C46, Lebensmitteldaten!$C:$C, Lebensmitteldaten!T:T) * $B19) / 100, 0) -> 0.00693432 | U46: =IFERROR((_xlfn.XLOOKUP($C46, Lebensmitteldaten!$C:$C, Lebensmitteldaten!U:U) * $B19) / 100, 0) -> 0.002406588 | V46: =IFERROR((_xlfn.XLOOKUP($C46, Lebensmitteldaten!$C:$C, Lebensmitteldaten!V:V) * $B19) / 100, 0) -> 0 | W46: =IFERROR((_xlfn.XLOOKUP($C46, Lebensmitteldaten!$C:$C, Lebensmitteldaten!W:W) * $B19) / 100 / 1000, 0) -> 0.00014994 | X46: =IFERROR((_xlfn.XLOOKUP($C46, Lebensmitteldaten!$C:$C, Lebensmitteldaten!X:X) * $B19) / 100 / 1000, 0) -> 8.184e-05 | Y46: =IFERROR((_xlfn.XLOOKUP($C46, Lebensmitteldaten!$C:$C, Lebensmitteldaten!Y:Y) * $B19) / 100, 0) -> 0.0006 | Z46: =IFERROR((_xlfn.XLOOKUP($C46, Lebensmitteldaten!$C:$C, Lebensmitteldaten!Z:Z) * $B19) / 100, 0) -> 0 | AA46: =IFERROR((_xlfn.XLOOKUP($C46, Lebensmitteldaten!$C:$C, Lebensmitteldaten!AA:AA) * $B19) / 100, 0) -> 0 | AB46: =IFERROR((_xlfn.XLOOKUP($C46, Lebensmitteldaten!$C:$C, Lebensmitteldaten!AB:AB) * $B19) / 100, 0) -> 0.348 | AC46: =IFERROR((_xlfn.XLOOKUP($C46, Lebensmitteldaten!$C:$C, Lebensmitteldaten!AC:AC) * $B19) / 100, 0) -> 1.26 | AD46: =IFERROR((_xlfn.XLOOKUP($C46, Lebensmitteldaten!$C:$C, Lebensmitteldaten!AD:AD) * $B19) / 100 * 1000, 0) -> 0 | AE46: =IFERROR((_xlfn.XLOOKUP($C46, Lebensmitteldaten!$C:$C, Lebensmitteldaten!AE:AE) * $B19) / 100 * 1000, 0) -> 0 | AF46: =IFERROR((_xlfn.XLOOKUP($C46, Lebensmitteldaten!$C:$C, Lebensmitteldaten!AF:AF) * $B19) / 100 * 1000, 0) -> 0 | AG46: =IFERROR((_xlfn.XLOOKUP($C46, Lebensmitteldaten!$C:$C, Lebensmitteldaten!AG:AG) * $B19) / 100, 0) -> 0 | AH46: =IFERROR((_xlfn.XLOOKUP($C46, Lebensmitteldaten!$C:$C, Lebensmitteldaten!AH:AH) * $B19) / 100, 0) -> 0 | AI46: =IFERROR((_xlfn.XLOOKUP($C46, Lebensmitteldaten!$C:$C, Lebensmitteldaten!AI:AI) * $B19) / 100, 0) -> 0 | AJ46: =IFERROR((_xlfn.XLOOKUP($C46, Lebensmitteldaten!$C:$C, Lebensmitteldaten!AJ:AJ) * $B19) / 100, 0) -> 7.26 | AK46: =IFERROR((_xlfn.XLOOKUP($C46, Lebensmitteldaten!$C:$C, Lebensmitteldaten!AK:AK) * $B19) / 100, 0) -> 0 | AL46: =IFERROR((_xlfn.XLOOKUP($C46, Lebensmitteldaten!$C:$C, Lebensmitteldaten!AL:AL) * $B19) / 100, 0) -> 0 | AM46: =IFERROR((_xlfn.XLOOKUP($C46, Lebensmitteldaten!$C:$C, Lebensmitteldaten!AM:AM) * $B19) / 100, 0) -> 0 | AN46: =IFERROR((_xlfn.XLOOKUP($C46, Lebensmitteldaten!$C:$C, Lebensmitteldaten!AN:AN) * $B19) / 100 * 1000, 0) -> 1128 | AO46: =IFERROR((_xlfn.XLOOKUP($C46, Lebensmitteldaten!$C:$C, Lebensmitteldaten!AO:AO) * $B19) / 100 * 1000, 0) -> 0 | AP46: =IFERROR((_xlfn.XLOOKUP($C46, Lebensmitteldaten!$C:$C, Lebensmitteldaten!AP:AP) * $B19) / 100 * 1000, 0) -> 0 | AQ46: =IFERROR((_xlfn.XLOOKUP($C46, Lebensmitteldaten!$C:$C, Lebensmitteldaten!AQ:AQ) * $B19) / 100 * 1000, 0) -> 3156 | AR46: =IFERROR((_xlfn.XLOOKUP($C46, Lebensmitteldaten!$C:$C, Lebensmitteldaten!AR:AR) * $B19) / 100 * 1000, 0) -> 3156 | AS46: =IFERROR((_xlfn.XLOOKUP($C46, Lebensmitteldaten!$C:$C, Lebensmitteldaten!AS:AS) * $B19) / 100 * 1000, 0) -> 0 | AT46: =IFERROR((_xlfn.XLOOKUP($C46, Lebensmitteldaten!$C:$C, Lebensmitteldaten!AT:AT) * $B19) / 100 * 1000, 0) -> 0 | AU46: =IFERROR((_xlfn.XLOOKUP($C46, Lebensmitteldaten!$C:$C, Lebensmitteldaten!AU:AU) * $B19) / 100 * 1000, 0) -> 0 | AV46: =IFERROR((_xlfn.XLOOKUP($C46, Lebensmitteldaten!$C:$C, Lebensmitteldaten!AV:AV) * $B19) / 100 * 1000, 0) -> 0 | AW46: =IFERROR((_xlfn.XLOOKUP($C46, Lebensmitteldaten!$C:$C, Lebensmitteldaten!AW:AW) * $B19) / 100 * 1000, 0) -> 0 | AX46: =IFERROR((_xlfn.XLOOKUP($C46, Lebensmitteldaten!$C:$C, Lebensmitteldaten!AX:AX) * $B19) / 100, 0) -> 0 | AY46: =IFERROR((_xlfn.XLOOKUP($C46, Lebensmitteldaten!$C:$C, Lebensmitteldaten!AY:AY) * $B19) / 100, 0) -> 4.1958 | AZ46: =IFERROR((_xlfn.XLOOKUP($C46, Lebensmitteldaten!$C:$C, Lebensmitteldaten!AZ:AZ) * $B19) / 100, 0) -> 0.51852
A47: =_xlfn.XLOOKUP($A20, Lebensmitteldaten!$C:$C, Lebensmitteldaten!$A:$A, "") -> Gemüse | B47: =_xlfn.XLOOKUP($A20, Lebensmitteldaten!$C:$C, Lebensmitteldaten!$B:$B, "") -> G581032 | C47: =A20 -> Kürbis Hokkaido (C. maxima) gekocht | D47: =IFERROR((_xlfn.XLOOKUP($C47, Lebensmitteldaten!$C:$C, Lebensmitteldaten!D:D) * $B20) / 100, 0) -> 9 | E47: =IFERROR((_xlfn.XLOOKUP($C47, Lebensmitteldaten!$C:$C, Lebensmitteldaten!E:E) * $B20) / 100, 0) -> 0.037656904 | F47: =IFERROR((_xlfn.XLOOKUP($C47, Lebensmitteldaten!$C:$C, Lebensmitteldaten!F:F) * $B20) / 100, 0) -> 0.42 | G47: =IFERROR((_xlfn.XLOOKUP($C47, Lebensmitteldaten!$C:$C, Lebensmitteldaten!G:G) * $B20) / 100, 0) -> 0.357 | H47: =IFERROR((_xlfn.XLOOKUP($C47, Lebensmitteldaten!$C:$C, Lebensmitteldaten!H:H) * $B20) / 100, 0) -> 0.06 | I47: =IFERROR((_xlfn.XLOOKUP($C47, Lebensmitteldaten!$C:$C, Lebensmitteldaten!I:I) * $B20) / 100, 0) -> 3.8784 | J47: =IFERROR((_xlfn.XLOOKUP($C47, Lebensmitteldaten!$C:$C, Lebensmitteldaten!J:J) * $B20) / 100, 0) -> 0 | K47: =IFERROR((_xlfn.XLOOKUP($C47, Lebensmitteldaten!$C:$C, Lebensmitteldaten!K:K) * $B20) / 100, 0) -> 0.228 | L47: =IFERROR((_xlfn.XLOOKUP($C47, Lebensmitteldaten!$C:$C, Lebensmitteldaten!L:L) * $B20) / 100, 0) -> 25.4136 | M47: =IFERROR((_xlfn.XLOOKUP($C47, Lebensmitteldaten!$C:$C, Lebensmitteldaten!M:M) * $B20) / 100, 0) -> 4.5864 | N47: =IFERROR((_xlfn.XLOOKUP($C47, Lebensmitteldaten!$C:$C, Lebensmitteldaten!N:N) * $B20) / 100, 0) -> 10.02 | O47: =IFERROR((_xlfn.XLOOKUP($C47, Lebensmitteldaten!$C:$C, Lebensmitteldaten!O:O) * $B20) / 100, 0) -> 11.19 | P47: =IFERROR((_xlfn.XLOOKUP($C47, Lebensmitteldaten!$C:$C, Lebensmitteldaten!P:P) * $B20) / 100, 0) -> 3.39 | Q47: =IFERROR((_xlfn.XLOOKUP($C47, Lebensmitteldaten!$C:$C, Lebensmitteldaten!Q:Q) * $B20) / 100, 0) -> 1.8 | R47: =IFERROR((_xlfn.XLOOKUP($C47, Lebensmitteldaten!$C:$C, Lebensmitteldaten!R:R) * $B20) / 100, 0) -> 67.8 | S47: =IFERROR((_xlfn.XLOOKUP($C47, Lebensmitteldaten!$C:$C, Lebensmitteldaten!S:S) * $B20) / 100, 0) -> 0 | T47: =IFERROR((_xlfn.XLOOKUP($C47, Lebensmitteldaten!$C:$C, Lebensmitteldaten!T:T) * $B20) / 100, 0) -> 0.1221 | U47: =IFERROR((_xlfn.XLOOKUP($C47, Lebensmitteldaten!$C:$C, Lebensmitteldaten!U:U) * $B20) / 100, 0) -> 0.069 | V47: =IFERROR((_xlfn.XLOOKUP($C47, Lebensmitteldaten!$C:$C, Lebensmitteldaten!V:V) * $B20) / 100, 0) -> 0 | W47: =IFERROR((_xlfn.XLOOKUP($C47, Lebensmitteldaten!$C:$C, Lebensmitteldaten!W:W) * $B20) / 100 / 1000, 0) -> 0.01473 | X47: =IFERROR((_xlfn.XLOOKUP($C47, Lebensmitteldaten!$C:$C, Lebensmitteldaten!X:X) * $B20) / 100 / 1000, 0) -> 0.01482 | Y47: =IFERROR((_xlfn.XLOOKUP($C47, Lebensmitteldaten!$C:$C, Lebensmitteldaten!Y:Y) * $B20) / 100, 0) -> 0.39 | Z47: =IFERROR((_xlfn.XLOOKUP($C47, Lebensmitteldaten!$C:$C, Lebensmitteldaten!Z:Z) * $B20) / 100, 0) -> 0 | AA47: =IFERROR((_xlfn.XLOOKUP($C47, Lebensmitteldaten!$C:$C, Lebensmitteldaten!AA:AA) * $B20) / 100, 0) -> 0 | AB47: =IFERROR((_xlfn.XLOOKUP($C47, Lebensmitteldaten!$C:$C, Lebensmitteldaten!AB:AB) * $B20) / 100, 0) -> 0.3333 | AC47: =IFERROR((_xlfn.XLOOKUP($C47, Lebensmitteldaten!$C:$C, Lebensmitteldaten!AC:AC) * $B20) / 100, 0) -> 29.7 | AD47: =IFERROR((_xlfn.XLOOKUP($C47, Lebensmitteldaten!$C:$C, Lebensmitteldaten!AD:AD) * $B20) / 100 * 1000, 0) -> 19.5 | AE47: =IFERROR((_xlfn.XLOOKUP($C47, Lebensmitteldaten!$C:$C, Lebensmitteldaten!AE:AE) * $B20) / 100 * 1000, 0) -> 12.9 | AF47: =IFERROR((_xlfn.XLOOKUP($C47, Lebensmitteldaten!$C:$C, Lebensmitteldaten!AF:AF) * $B20) / 100 * 1000, 0) -> 346.8 | AG47: =IFERROR((_xlfn.XLOOKUP($C47, Lebensmitteldaten!$C:$C, Lebensmitteldaten!AG:AG) * $B20) / 100, 0) -> 23.7 | AH47: =IFERROR((_xlfn.XLOOKUP($C47, Lebensmitteldaten!$C:$C, Lebensmitteldaten!AH:AH) * $B20) / 100, 0) -> 0 | AI47: =IFERROR((_xlfn.XLOOKUP($C47, Lebensmitteldaten!$C:$C, Lebensmitteldaten!AI:AI) * $B20) / 100, 0) -> 3.0333 | AJ47: =IFERROR((_xlfn.XLOOKUP($C47, Lebensmitteldaten!$C:$C, Lebensmitteldaten!AJ:AJ) * $B20) / 100, 0) -> 1.2 | AK47: =IFERROR((_xlfn.XLOOKUP($C47, Lebensmitteldaten!$C:$C, Lebensmitteldaten!AK:AK) * $B20) / 100, 0) -> 3.9 | AL47: =IFERROR((_xlfn.XLOOKUP($C47, Lebensmitteldaten!$C:$C, Lebensmitteldaten!AL:AL) * $B20) / 100, 0) -> 0.09 | AM47: =IFERROR((_xlfn.XLOOKUP($C47, Lebensmitteldaten!$C:$C, Lebensmitteldaten!AM:AM) * $B20) / 100, 0) -> 0 | AN47: =IFERROR((_xlfn.XLOOKUP($C47, Lebensmitteldaten!$C:$C, Lebensmitteldaten!AN:AN) * $B20) / 100 * 1000, 0) -> 18.3 | AO47: =IFERROR((_xlfn.XLOOKUP($C47, Lebensmitteldaten!$C:$C, Lebensmitteldaten!AO:AO) * $B20) / 100 * 1000, 0) -> 0 | AP47: =IFERROR((_xlfn.XLOOKUP($C47, Lebensmitteldaten!$C:$C, Lebensmitteldaten!AP:AP) * $B20) / 100 * 1000, 0) -> 0 | AQ47: =IFERROR((_xlfn.XLOOKUP($C47, Lebensmitteldaten!$C:$C, Lebensmitteldaten!AQ:AQ) * $B20) / 100 * 1000, 0) -> 10.8 | AR47: =IFERROR((_xlfn.XLOOKUP($C47, Lebensmitteldaten!$C:$C, Lebensmitteldaten!AR:AR) * $B20) / 100 * 1000, 0) -> 10.8 | AS47: =IFERROR((_xlfn.XLOOKUP($C47, Lebensmitteldaten!$C:$C, Lebensmitteldaten!AS:AS) * $B20) / 100 * 1000, 0) -> 14.4 | AT47: =IFERROR((_xlfn.XLOOKUP($C47, Lebensmitteldaten!$C:$C, Lebensmitteldaten!AT:AT) * $B20) / 100 * 1000, 0) -> 0.9 | AU47: =IFERROR((_xlfn.XLOOKUP($C47, Lebensmitteldaten!$C:$C, Lebensmitteldaten!AU:AU) * $B20) / 100 * 1000, 0) -> 7.5 | AV47: =IFERROR((_xlfn.XLOOKUP($C47, Lebensmitteldaten!$C:$C, Lebensmitteldaten!AV:AV) * $B20) / 100 * 1000, 0) -> 15 | AW47: =IFERROR((_xlfn.XLOOKUP($C47, Lebensmitteldaten!$C:$C, Lebensmitteldaten!AW:AW) * $B20) / 100 * 1000, 0) -> 6 | AX47: =IFERROR((_xlfn.XLOOKUP($C47, Lebensmitteldaten!$C:$C, Lebensmitteldaten!AX:AX) * $B20) / 100, 0) -> 0 | AY47: =IFERROR((_xlfn.XLOOKUP($C47, Lebensmitteldaten!$C:$C, Lebensmitteldaten!AY:AY) * $B20) / 100, 0) -> 98.901 | AZ47: =IFERROR((_xlfn.XLOOKUP($C47, Lebensmitteldaten!$C:$C, Lebensmitteldaten!AZ:AZ) * $B20) / 100, 0) -> 0.496617
A48: =_xlfn.XLOOKUP($A21, Lebensmitteldaten!$C:$C, Lebensmitteldaten!$A:$A, "") -> Fette | B48: =_xlfn.XLOOKUP($A21, Lebensmitteldaten!$C:$C, Lebensmitteldaten!$B:$B, "") -> 0 | C48: =A21 -> Pferdefett, ausgelassen | D48: =IFERROR((_xlfn.XLOOKUP($C48, Lebensmitteldaten!$C:$C, Lebensmitteldaten!D:D) * $B21) / 100, 0) -> 40.8 | E48: =IFERROR((_xlfn.XLOOKUP($C48, Lebensmitteldaten!$C:$C, Lebensmitteldaten!E:E) * $B21) / 100, 0) -> 0.1707113 | F48: =IFERROR((_xlfn.XLOOKUP($C48, Lebensmitteldaten!$C:$C, Lebensmitteldaten!F:F) * $B21) / 100, 0) -> 0 | G48: =IFERROR((_xlfn.XLOOKUP($C48, Lebensmitteldaten!$C:$C, Lebensmitteldaten!G:G) * $B21) / 100, 0) -> 0 | H48: =IFERROR((_xlfn.XLOOKUP($C48, Lebensmitteldaten!$C:$C, Lebensmitteldaten!H:H) * $B21) / 100, 0) -> 4.8 | I48: =IFERROR((_xlfn.XLOOKUP($C48, Lebensmitteldaten!$C:$C, Lebensmitteldaten!I:I) * $B21) / 100, 0) -> 2.8865799e-16 | J48: =IFERROR((_xlfn.XLOOKUP($C48, Lebensmitteldaten!$C:$C, Lebensmitteldaten!J:J) * $B21) / 100, 0) -> 0.07 | K48: =IFERROR((_xlfn.XLOOKUP($C48, Lebensmitteldaten!$C:$C, Lebensmitteldaten!K:K) * $B21) / 100, 0) -> 0 | L48: =IFERROR((_xlfn.XLOOKUP($C48, Lebensmitteldaten!$C:$C, Lebensmitteldaten!L:L) * $B21) / 100, 0) -> 0.13 | M48: =IFERROR((_xlfn.XLOOKUP($C48, Lebensmitteldaten!$C:$C, Lebensmitteldaten!M:M) * $B21) / 100, 0) -> 4.87 | N48: =IFERROR((_xlfn.XLOOKUP($C48, Lebensmitteldaten!$C:$C, Lebensmitteldaten!N:N) * $B21) / 100, 0) -> 0 | O48: =IFERROR((_xlfn.XLOOKUP($C48, Lebensmitteldaten!$C:$C, Lebensmitteldaten!O:O) * $B21) / 100, 0) -> 0 | P48: =IFERROR((_xlfn.XLOOKUP($C48, Lebensmitteldaten!$C:$C, Lebensmitteldaten!P:P) * $B21) / 100, 0) -> 0 | Q48: =IFERROR((_xlfn.XLOOKUP($C48, Lebensmitteldaten!$C:$C, Lebensmitteldaten!Q:Q) * $B21) / 100, 0) -> 0 | R48: =IFERROR((_xlfn.XLOOKUP($C48, Lebensmitteldaten!$C:$C, Lebensmitteldaten!R:R) * $B21) / 100, 0) -> 0 | S48: =IFERROR((_xlfn.XLOOKUP($C48, Lebensmitteldaten!$C:$C, Lebensmitteldaten!S:S) * $B21) / 100, 0) -> 0 | T48: =IFERROR((_xlfn.XLOOKUP($C48, Lebensmitteldaten!$C:$C, Lebensmitteldaten!T:T) * $B21) / 100, 0) -> 0 | U48: =IFERROR((_xlfn.XLOOKUP($C48, Lebensmitteldaten!$C:$C, Lebensmitteldaten!U:U) * $B21) / 100, 0) -> 0 | V48: =IFERROR((_xlfn.XLOOKUP($C48, Lebensmitteldaten!$C:$C, Lebensmitteldaten!V:V) * $B21) / 100, 0) -> 0 | W48: =IFERROR((_xlfn.XLOOKUP($C48, Lebensmitteldaten!$C:$C, Lebensmitteldaten!W:W) * $B21) / 100 / 1000, 0) -> 0 | X48: =IFERROR((_xlfn.XLOOKUP($C48, Lebensmitteldaten!$C:$C, Lebensmitteldaten!X:X) * $B21) / 100 / 1000, 0) -> 0 | Y48: =IFERROR((_xlfn.XLOOKUP($C48, Lebensmitteldaten!$C:$C, Lebensmitteldaten!Y:Y) * $B21) / 100, 0) -> 0 | Z48: =IFERROR((_xlfn.XLOOKUP($C48, Lebensmitteldaten!$C:$C, Lebensmitteldaten!Z:Z) * $B21) / 100, 0) -> 0 | AA48: =IFERROR((_xlfn.XLOOKUP($C48, Lebensmitteldaten!$C:$C, Lebensmitteldaten!AA:AA) * $B21) / 100, 0) -> 0 | AB48: =IFERROR((_xlfn.XLOOKUP($C48, Lebensmitteldaten!$C:$C, Lebensmitteldaten!AB:AB) * $B21) / 100, 0) -> 0 | AC48: =IFERROR((_xlfn.XLOOKUP($C48, Lebensmitteldaten!$C:$C, Lebensmitteldaten!AC:AC) * $B21) / 100, 0) -> 0 | AD48: =IFERROR((_xlfn.XLOOKUP($C48, Lebensmitteldaten!$C:$C, Lebensmitteldaten!AD:AD) * $B21) / 100 * 1000, 0) -> 0 | AE48: =IFERROR((_xlfn.XLOOKUP($C48, Lebensmitteldaten!$C:$C, Lebensmitteldaten!AE:AE) * $B21) / 100 * 1000, 0) -> 0 | AF48: =IFERROR((_xlfn.XLOOKUP($C48, Lebensmitteldaten!$C:$C, Lebensmitteldaten!AF:AF) * $B21) / 100 * 1000, 0) -> 0 | AG48: =IFERROR((_xlfn.XLOOKUP($C48, Lebensmitteldaten!$C:$C, Lebensmitteldaten!AG:AG) * $B21) / 100, 0) -> 0 | AH48: =IFERROR((_xlfn.XLOOKUP($C48, Lebensmitteldaten!$C:$C, Lebensmitteldaten!AH:AH) * $B21) / 100, 0) -> 0 | AI48: =IFERROR((_xlfn.XLOOKUP($C48, Lebensmitteldaten!$C:$C, Lebensmitteldaten!AI:AI) * $B21) / 100, 0) -> 0 | AJ48: =IFERROR((_xlfn.XLOOKUP($C48, Lebensmitteldaten!$C:$C, Lebensmitteldaten!AJ:AJ) * $B21) / 100, 0) -> 0 | AK48: =IFERROR((_xlfn.XLOOKUP($C48, Lebensmitteldaten!$C:$C, Lebensmitteldaten!AK:AK) * $B21) / 100, 0) -> 0 | AL48: =IFERROR((_xlfn.XLOOKUP($C48, Lebensmitteldaten!$C:$C, Lebensmitteldaten!AL:AL) * $B21) / 100, 0) -> 0 | AM48: =IFERROR((_xlfn.XLOOKUP($C48, Lebensmitteldaten!$C:$C, Lebensmitteldaten!AM:AM) * $B21) / 100, 0) -> 0 | AN48: =IFERROR((_xlfn.XLOOKUP($C48, Lebensmitteldaten!$C:$C, Lebensmitteldaten!AN:AN) * $B21) / 100 * 1000, 0) -> 0 | AO48: =IFERROR((_xlfn.XLOOKUP($C48, Lebensmitteldaten!$C:$C, Lebensmitteldaten!AO:AO) * $B21) / 100 * 1000, 0) -> 0 | AP48: =IFERROR((_xlfn.XLOOKUP($C48, Lebensmitteldaten!$C:$C, Lebensmitteldaten!AP:AP) * $B21) / 100 * 1000, 0) -> 0 | AQ48: =IFERROR((_xlfn.XLOOKUP($C48, Lebensmitteldaten!$C:$C, Lebensmitteldaten!AQ:AQ) * $B21) / 100 * 1000, 0) -> 0 | AR48: =IFERROR((_xlfn.XLOOKUP($C48, Lebensmitteldaten!$C:$C, Lebensmitteldaten!AR:AR) * $B21) / 100 * 1000, 0) -> 0 | AS48: =IFERROR((_xlfn.XLOOKUP($C48, Lebensmitteldaten!$C:$C, Lebensmitteldaten!AS:AS) * $B21) / 100 * 1000, 0) -> 0 | AT48: =IFERROR((_xlfn.XLOOKUP($C48, Lebensmitteldaten!$C:$C, Lebensmitteldaten!AT:AT) * $B21) / 100 * 1000, 0) -> 0 | AU48: =IFERROR((_xlfn.XLOOKUP($C48, Lebensmitteldaten!$C:$C, Lebensmitteldaten!AU:AU) * $B21) / 100 * 1000, 0) -> 0 | AV48: =IFERROR((_xlfn.XLOOKUP($C48, Lebensmitteldaten!$C:$C, Lebensmitteldaten!AV:AV) * $B21) / 100 * 1000, 0) -> 0 | AW48: =IFERROR((_xlfn.XLOOKUP($C48, Lebensmitteldaten!$C:$C, Lebensmitteldaten!AW:AW) * $B21) / 100 * 1000, 0) -> 0 | AX48: =IFERROR((_xlfn.XLOOKUP($C48, Lebensmitteldaten!$C:$C, Lebensmitteldaten!AX:AX) * $B21) / 100, 0) -> 0 | AY48: =IFERROR((_xlfn.XLOOKUP($C48, Lebensmitteldaten!$C:$C, Lebensmitteldaten!AY:AY) * $B21) / 100, 0) -> 0 | AZ48: =IFERROR((_xlfn.XLOOKUP($C48, Lebensmitteldaten!$C:$C, Lebensmitteldaten!AZ:AZ) * $B21) / 100, 0) -> 0
A49: =_xlfn.XLOOKUP($A22, Lebensmitteldaten!$C:$C, Lebensmitteldaten!$A:$A, "") -> Zusätze | B49: =_xlfn.XLOOKUP($A22, Lebensmitteldaten!$C:$C, Lebensmitteldaten!$B:$B, "") -> 0 | C49: =A22 -> Napfcheck Novomineral Balance | D49: =IFERROR((_xlfn.XLOOKUP($C49, Lebensmitteldaten!$C:$C, Lebensmitteldaten!D:D) * $B22) / 100, 0) -> 0 | E49: =IFERROR((_xlfn.XLOOKUP($C49, Lebensmitteldaten!$C:$C, Lebensmitteldaten!E:E) * $B22) / 100, 0) -> 0 | F49: =IFERROR((_xlfn.XLOOKUP($C49, Lebensmitteldaten!$C:$C, Lebensmitteldaten!F:F) * $B22) / 100, 0) -> 0.004 | G49: =IFERROR((_xlfn.XLOOKUP($C49, Lebensmitteldaten!$C:$C, Lebensmitteldaten!G:G) * $B22) / 100, 0) -> 0.0034 | H49: =IFERROR((_xlfn.XLOOKUP($C49, Lebensmitteldaten!$C:$C, Lebensmitteldaten!H:H) * $B22) / 100, 0) -> 0 | I49: =IFERROR((_xlfn.XLOOKUP($C49, Lebensmitteldaten!$C:$C, Lebensmitteldaten!I:I) * $B22) / 100, 0) -> 3.596 | J49: =IFERROR((_xlfn.XLOOKUP($C49, Lebensmitteldaten!$C:$C, Lebensmitteldaten!J:J) * $B22) / 100, 0) -> 0 | K49: =IFERROR((_xlfn.XLOOKUP($C49, Lebensmitteldaten!$C:$C, Lebensmitteldaten!K:K) * $B22) / 100, 0) -> 0 | L49: =IFERROR((_xlfn.XLOOKUP($C49, Lebensmitteldaten!$C:$C, Lebensmitteldaten!L:L) * $B22) / 100, 0) -> 0.4 | M49: =IFERROR((_xlfn.XLOOKUP($C49, Lebensmitteldaten!$C:$C, Lebensmitteldaten!M:M) * $B22) / 100, 0) -> 3.6 | N49: =IFERROR((_xlfn.XLOOKUP($C49, Lebensmitteldaten!$C:$C, Lebensmitteldaten!N:N) * $B22) / 100, 0) -> 760 | O49: =IFERROR((_xlfn.XLOOKUP($C49, Lebensmitteldaten!$C:$C, Lebensmitteldaten!O:O) * $B22) / 100, 0) -> 200 | P49: =IFERROR((_xlfn.XLOOKUP($C49, Lebensmitteldaten!$C:$C, Lebensmitteldaten!P:P) * $B22) / 100, 0) -> 48 | Q49: =IFERROR((_xlfn.XLOOKUP($C49, Lebensmitteldaten!$C:$C, Lebensmitteldaten!Q:Q) * $B22) / 100, 0) -> 40 | R49: =IFERROR((_xlfn.XLOOKUP($C49, Lebensmitteldaten!$C:$C, Lebensmitteldaten!R:R) * $B22) / 100, 0) -> 80 | S49: =IFERROR((_xlfn.XLOOKUP($C49, Lebensmitteldaten!$C:$C, Lebensmitteldaten!S:S) * $B22) / 100, 0) -> 0 | T49: =IFERROR((_xlfn.XLOOKUP($C49, Lebensmitteldaten!$C:$C, Lebensmitteldaten!T:T) * $B22) / 100, 0) -> 3 | U49: =IFERROR((_xlfn.XLOOKUP($C49, Lebensmitteldaten!$C:$C, Lebensmitteldaten!U:U) * $B22) / 100, 0) -> 8 | V49: =IFERROR((_xlfn.XLOOKUP($C49, Lebensmitteldaten!$C:$C, Lebensmitteldaten!V:V) * $B22) / 100, 0) -> 0 | W49: =IFERROR((_xlfn.XLOOKUP($C49, Lebensmitteldaten!$C:$C, Lebensmitteldaten!W:W) * $B22) / 100 / 1000, 0) -> 0.8 | X49: =IFERROR((_xlfn.XLOOKUP($C49, Lebensmitteldaten!$C:$C, Lebensmitteldaten!X:X) * $B22) / 100 / 1000, 0) -> 0.4 | Y49: =IFERROR((_xlfn.XLOOKUP($C49, Lebensmitteldaten!$C:$C, Lebensmitteldaten!Y:Y) * $B22) / 100, 0) -> 180 | Z49: =IFERROR((_xlfn.XLOOKUP($C49, Lebensmitteldaten!$C:$C, Lebensmitteldaten!Z:Z) * $B22) / 100, 0) -> 0 | AA49: =IFERROR((_xlfn.XLOOKUP($C49, Lebensmitteldaten!$C:$C, Lebensmitteldaten!AA:AA) * $B22) / 100, 0) -> 2.5 | AB49: =IFERROR((_xlfn.XLOOKUP($C49, Lebensmitteldaten!$C:$C, Lebensmitteldaten!AB:AB) * $B22) / 100, 0) -> 3.6 | AC49: =IFERROR((_xlfn.XLOOKUP($C49, Lebensmitteldaten!$C:$C, Lebensmitteldaten!AC:AC) * $B22) / 100, 0) -> 288.2884 | AD49: =IFERROR((_xlfn.XLOOKUP($C49, Lebensmitteldaten!$C:$C, Lebensmitteldaten!AD:AD) * $B22) / 100 * 1000, 0) -> 200 | AE49: =IFERROR((_xlfn.XLOOKUP($C49, Lebensmitteldaten!$C:$C, Lebensmitteldaten!AE:AE) * $B22) / 100 * 1000, 0) -> 600 | AF49: =IFERROR((_xlfn.XLOOKUP($C49, Lebensmitteldaten!$C:$C, Lebensmitteldaten!AF:AF) * $B22) / 100 * 1000, 0) -> 0 | AG49: =IFERROR((_xlfn.XLOOKUP($C49, Lebensmitteldaten!$C:$C, Lebensmitteldaten!AG:AG) * $B22) / 100, 0) -> 0 | AH49: =IFERROR((_xlfn.XLOOKUP($C49, Lebensmitteldaten!$C:$C, Lebensmitteldaten!AH:AH) * $B22) / 100, 0) -> 4 | AI49: =IFERROR((_xlfn.XLOOKUP($C49, Lebensmitteldaten!$C:$C, Lebensmitteldaten!AI:AI) * $B22) / 100, 0) -> 0 | AJ49: =IFERROR((_xlfn.XLOOKUP($C49, Lebensmitteldaten!$C:$C, Lebensmitteldaten!AJ:AJ) * $B22) / 100, 0) -> 0 | AK49: =IFERROR((_xlfn.XLOOKUP($C49, Lebensmitteldaten!$C:$C, Lebensmitteldaten!AK:AK) * $B22) / 100, 0) -> 40 | AL49: =IFERROR((_xlfn.XLOOKUP($C49, Lebensmitteldaten!$C:$C, Lebensmitteldaten!AL:AL) * $B22) / 100, 0) -> 0 | AM49: =IFERROR((_xlfn.XLOOKUP($C49, Lebensmitteldaten!$C:$C, Lebensmitteldaten!AM:AM) * $B22) / 100, 0) -> 0 | AN49: =IFERROR((_xlfn.XLOOKUP($C49, Lebensmitteldaten!$C:$C, Lebensmitteldaten!AN:AN) * $B22) / 100 * 1000, 0) -> 0 | AO49: =IFERROR((_xlfn.XLOOKUP($C49, Lebensmitteldaten!$C:$C, Lebensmitteldaten!AO:AO) * $B22) / 100 * 1000, 0) -> 0 | AP49: =IFERROR((_xlfn.XLOOKUP($C49, Lebensmitteldaten!$C:$C, Lebensmitteldaten!AP:AP) * $B22) / 100 * 1000, 0) -> 0 | AQ49: =IFERROR((_xlfn.XLOOKUP($C49, Lebensmitteldaten!$C:$C, Lebensmitteldaten!AQ:AQ) * $B22) / 100 * 1000, 0) -> 0 | AR49: =IFERROR((_xlfn.XLOOKUP($C49, Lebensmitteldaten!$C:$C, Lebensmitteldaten!AR:AR) * $B22) / 100 * 1000, 0) -> 0 | AS49: =IFERROR((_xlfn.XLOOKUP($C49, Lebensmitteldaten!$C:$C, Lebensmitteldaten!AS:AS) * $B22) / 100 * 1000, 0) -> 0 | AT49: =IFERROR((_xlfn.XLOOKUP($C49, Lebensmitteldaten!$C:$C, Lebensmitteldaten!AT:AT) * $B22) / 100 * 1000, 0) -> 0 | AU49: =IFERROR((_xlfn.XLOOKUP($C49, Lebensmitteldaten!$C:$C, Lebensmitteldaten!AU:AU) * $B22) / 100 * 1000, 0) -> 0 | AV49: =IFERROR((_xlfn.XLOOKUP($C49, Lebensmitteldaten!$C:$C, Lebensmitteldaten!AV:AV) * $B22) / 100 * 1000, 0) -> 0 | AW49: =IFERROR((_xlfn.XLOOKUP($C49, Lebensmitteldaten!$C:$C, Lebensmitteldaten!AW:AW) * $B22) / 100 * 1000, 0) -> 0 | AX49: =IFERROR((_xlfn.XLOOKUP($C49, Lebensmitteldaten!$C:$C, Lebensmitteldaten!AX:AX) * $B22) / 100, 0) -> 100 | AY49: =IFERROR((_xlfn.XLOOKUP($C49, Lebensmitteldaten!$C:$C, Lebensmitteldaten!AY:AY) * $B22) / 100, 0) -> 960.00037 | AZ49: =IFERROR((_xlfn.XLOOKUP($C49, Lebensmitteldaten!$C:$C, Lebensmitteldaten!AZ:AZ) * $B22) / 100, 0) -> 5.364
A50: =_xlfn.XLOOKUP($A23, Lebensmitteldaten!$C:$C, Lebensmitteldaten!$A:$A, "") -> Zusätze | B50: =_xlfn.XLOOKUP($A23, Lebensmitteldaten!$C:$C, Lebensmitteldaten!$B:$B, "") -> 0 | C50: =A23 -> Napfcheck Novomineral Sensitive | D50: =IFERROR((_xlfn.XLOOKUP($C50, Lebensmitteldaten!$C:$C, Lebensmitteldaten!D:D) * $B23) / 100, 0) -> 0 | E50: =IFERROR((_xlfn.XLOOKUP($C50, Lebensmitteldaten!$C:$C, Lebensmitteldaten!E:E) * $B23) / 100, 0) -> 0 | F50: =IFERROR((_xlfn.XLOOKUP($C50, Lebensmitteldaten!$C:$C, Lebensmitteldaten!F:F) * $B23) / 100, 0) -> 0 | G50: =IFERROR((_xlfn.XLOOKUP($C50, Lebensmitteldaten!$C:$C, Lebensmitteldaten!G:G) * $B23) / 100, 0) -> 0 | H50: =IFERROR((_xlfn.XLOOKUP($C50, Lebensmitteldaten!$C:$C, Lebensmitteldaten!H:H) * $B23) / 100, 0) -> 0 | I50: =IFERROR((_xlfn.XLOOKUP($C50, Lebensmitteldaten!$C:$C, Lebensmitteldaten!I:I) * $B23) / 100, 0) -> 4.5 | J50: =IFERROR((_xlfn.XLOOKUP($C50, Lebensmitteldaten!$C:$C, Lebensmitteldaten!J:J) * $B23) / 100, 0) -> 0 | K50: =IFERROR((_xlfn.XLOOKUP($C50, Lebensmitteldaten!$C:$C, Lebensmitteldaten!K:K) * $B23) / 100, 0) -> 0 | L50: =IFERROR((_xlfn.XLOOKUP($C50, Lebensmitteldaten!$C:$C, Lebensmitteldaten!L:L) * $B23) / 100, 0) -> 0.5 | M50: =IFERROR((_xlfn.XLOOKUP($C50, Lebensmitteldaten!$C:$C, Lebensmitteldaten!M:M) * $B23) / 100, 0) -> 4.5 | N50: =IFERROR((_xlfn.XLOOKUP($C50, Lebensmitteldaten!$C:$C, Lebensmitteldaten!N:N) * $B23) / 100, 0) -> 1050 | O50: =IFERROR((_xlfn.XLOOKUP($C50, Lebensmitteldaten!$C:$C, Lebensmitteldaten!O:O) * $B23) / 100, 0) -> 100 | P50: =IFERROR((_xlfn.XLOOKUP($C50, Lebensmitteldaten!$C:$C, Lebensmitteldaten!P:P) * $B23) / 100, 0) -> 65 | Q50: =IFERROR((_xlfn.XLOOKUP($C50, Lebensmitteldaten!$C:$C, Lebensmitteldaten!Q:Q) * $B23) / 100, 0) -> 50 | R50: =IFERROR((_xlfn.XLOOKUP($C50, Lebensmitteldaten!$C:$C, Lebensmitteldaten!R:R) * $B23) / 100, 0) -> 0 | S50: =IFERROR((_xlfn.XLOOKUP($C50, Lebensmitteldaten!$C:$C, Lebensmitteldaten!S:S) * $B23) / 100, 0) -> 0 | T50: =IFERROR((_xlfn.XLOOKUP($C50, Lebensmitteldaten!$C:$C, Lebensmitteldaten!T:T) * $B23) / 100, 0) -> 5 | U50: =IFERROR((_xlfn.XLOOKUP($C50, Lebensmitteldaten!$C:$C, Lebensmitteldaten!U:U) * $B23) / 100, 0) -> 15 | V50: =IFERROR((_xlfn.XLOOKUP($C50, Lebensmitteldaten!$C:$C, Lebensmitteldaten!V:V) * $B23) / 100, 0) -> 0 | W50: =IFERROR((_xlfn.XLOOKUP($C50, Lebensmitteldaten!$C:$C, Lebensmitteldaten!W:W) * $B23) / 100 / 1000, 0) -> 1.75 | X50: =IFERROR((_xlfn.XLOOKUP($C50, Lebensmitteldaten!$C:$C, Lebensmitteldaten!X:X) * $B23) / 100 / 1000, 0) -> 1 | Y50: =IFERROR((_xlfn.XLOOKUP($C50, Lebensmitteldaten!$C:$C, Lebensmitteldaten!Y:Y) * $B23) / 100, 0) -> 300 | Z50: =IFERROR((_xlfn.XLOOKUP($C50, Lebensmitteldaten!$C:$C, Lebensmitteldaten!Z:Z) * $B23) / 100, 0) -> 0 | AA50: =IFERROR((_xlfn.XLOOKUP($C50, Lebensmitteldaten!$C:$C, Lebensmitteldaten!AA:AA) * $B23) / 100, 0) -> 3.75 | AB50: =IFERROR((_xlfn.XLOOKUP($C50, Lebensmitteldaten!$C:$C, Lebensmitteldaten!AB:AB) * $B23) / 100, 0) -> 10 | AC50: =IFERROR((_xlfn.XLOOKUP($C50, Lebensmitteldaten!$C:$C, Lebensmitteldaten!AC:AC) * $B23) / 100, 0) -> 390 | AD50: =IFERROR((_xlfn.XLOOKUP($C50, Lebensmitteldaten!$C:$C, Lebensmitteldaten!AD:AD) * $B23) / 100 * 1000, 0) -> 1000 | AE50: =IFERROR((_xlfn.XLOOKUP($C50, Lebensmitteldaten!$C:$C, Lebensmitteldaten!AE:AE) * $B23) / 100 * 1000, 0) -> 2000 | AF50: =IFERROR((_xlfn.XLOOKUP($C50, Lebensmitteldaten!$C:$C, Lebensmitteldaten!AF:AF) * $B23) / 100 * 1000, 0) -> 5000 | AG50: =IFERROR((_xlfn.XLOOKUP($C50, Lebensmitteldaten!$C:$C, Lebensmitteldaten!AG:AG) * $B23) / 100, 0) -> 600 | AH50: =IFERROR((_xlfn.XLOOKUP($C50, Lebensmitteldaten!$C:$C, Lebensmitteldaten!AH:AH) * $B23) / 100, 0) -> 15 | AI50: =IFERROR((_xlfn.XLOOKUP($C50, Lebensmitteldaten!$C:$C, Lebensmitteldaten!AI:AI) * $B23) / 100, 0) -> 0 | AJ50: =IFERROR((_xlfn.XLOOKUP($C50, Lebensmitteldaten!$C:$C, Lebensmitteldaten!AJ:AJ) * $B23) / 100, 0) -> 0 | AK50: =IFERROR((_xlfn.XLOOKUP($C50, Lebensmitteldaten!$C:$C, Lebensmitteldaten!AK:AK) * $B23) / 100, 0) -> 25 | AL50: =IFERROR((_xlfn.XLOOKUP($C50, Lebensmitteldaten!$C:$C, Lebensmitteldaten!AL:AL) * $B23) / 100, 0) -> 5 | AM50: =IFERROR((_xlfn.XLOOKUP($C50, Lebensmitteldaten!$C:$C, Lebensmitteldaten!AM:AM) * $B23) / 100, 0) -> 0 | AN50: =IFERROR((_xlfn.XLOOKUP($C50, Lebensmitteldaten!$C:$C, Lebensmitteldaten!AN:AN) * $B23) / 100 * 1000, 0) -> 0 | AO50: =IFERROR((_xlfn.XLOOKUP($C50, Lebensmitteldaten!$C:$C, Lebensmitteldaten!AO:AO) * $B23) / 100 * 1000, 0) -> 0 | AP50: =IFERROR((_xlfn.XLOOKUP($C50, Lebensmitteldaten!$C:$C, Lebensmitteldaten!AP:AP) * $B23) / 100 * 1000, 0) -> 0 | AQ50: =IFERROR((_xlfn.XLOOKUP($C50, Lebensmitteldaten!$C:$C, Lebensmitteldaten!AQ:AQ) * $B23) / 100 * 1000, 0) -> 0 | AR50: =IFERROR((_xlfn.XLOOKUP($C50, Lebensmitteldaten!$C:$C, Lebensmitteldaten!AR:AR) * $B23) / 100 * 1000, 0) -> 0 | AS50: =IFERROR((_xlfn.XLOOKUP($C50, Lebensmitteldaten!$C:$C, Lebensmitteldaten!AS:AS) * $B23) / 100 * 1000, 0) -> 0 | AT50: =IFERROR((_xlfn.XLOOKUP($C50, Lebensmitteldaten!$C:$C, Lebensmitteldaten!AT:AT) * $B23) / 100 * 1000, 0) -> 0 | AU50: =IFERROR((_xlfn.XLOOKUP($C50, Lebensmitteldaten!$C:$C, Lebensmitteldaten!AU:AU) * $B23) / 100 * 1000, 0) -> 0 | AV50: =IFERROR((_xlfn.XLOOKUP($C50, Lebensmitteldaten!$C:$C, Lebensmitteldaten!AV:AV) * $B23) / 100 * 1000, 0) -> 0 | AW50: =IFERROR((_xlfn.XLOOKUP($C50, Lebensmitteldaten!$C:$C, Lebensmitteldaten!AW:AW) * $B23) / 100 * 1000, 0) -> 0 | AX50: =IFERROR((_xlfn.XLOOKUP($C50, Lebensmitteldaten!$C:$C, Lebensmitteldaten!AX:AX) * $B23) / 100, 0) -> 150 | AY50: =IFERROR((_xlfn.XLOOKUP($C50, Lebensmitteldaten!$C:$C, Lebensmitteldaten!AY:AY) * $B23) / 100, 0) -> 1298.7 | AZ50: =IFERROR((_xlfn.XLOOKUP($C50, Lebensmitteldaten!$C:$C, Lebensmitteldaten!AZ:AZ) * $B23) / 100, 0) -> 14.9
A51: =_xlfn.XLOOKUP($A24, Lebensmitteldaten!$C:$C, Lebensmitteldaten!$A:$A, "") | B51: =_xlfn.XLOOKUP($A24, Lebensmitteldaten!$C:$C, Lebensmitteldaten!$B:$B, "") | C51: =A24 -> 0 | D51: =IFERROR((_xlfn.XLOOKUP($C51, Lebensmitteldaten!$C:$C, Lebensmitteldaten!D:D) * $B24) / 100, 0) -> 0 | E51: =IFERROR((_xlfn.XLOOKUP($C51, Lebensmitteldaten!$C:$C, Lebensmitteldaten!E:E) * $B24) / 100, 0) -> 0 | F51: =IFERROR((_xlfn.XLOOKUP($C51, Lebensmitteldaten!$C:$C, Lebensmitteldaten!F:F) * $B24) / 100, 0) -> 0 | G51: =IFERROR((_xlfn.XLOOKUP($C51, Lebensmitteldaten!$C:$C, Lebensmitteldaten!G:G) * $B24) / 100, 0) -> 0 | H51: =IFERROR((_xlfn.XLOOKUP($C51, Lebensmitteldaten!$C:$C, Lebensmitteldaten!H:H) * $B24) / 100, 0) -> 0 | I51: =IFERROR((_xlfn.XLOOKUP($C51, Lebensmitteldaten!$C:$C, Lebensmitteldaten!I:I) * $B24) / 100, 0) -> 0 | J51: =IFERROR((_xlfn.XLOOKUP($C51, Lebensmitteldaten!$C:$C, Lebensmitteldaten!J:J) * $B24) / 100, 0) -> 0 | K51: =IFERROR((_xlfn.XLOOKUP($C51, Lebensmitteldaten!$C:$C, Lebensmitteldaten!K:K) * $B24) / 100, 0) -> 0 | L51: =IFERROR((_xlfn.XLOOKUP($C51, Lebensmitteldaten!$C:$C, Lebensmitteldaten!L:L) * $B24) / 100, 0) -> 0 | M51: =IFERROR((_xlfn.XLOOKUP($C51, Lebensmitteldaten!$C:$C, Lebensmitteldaten!M:M) * $B24) / 100, 0) -> 0 | N51: =IFERROR((_xlfn.XLOOKUP($C51, Lebensmitteldaten!$C:$C, Lebensmitteldaten!N:N) * $B24) / 100, 0) -> 0 | O51: =IFERROR((_xlfn.XLOOKUP($C51, Lebensmitteldaten!$C:$C, Lebensmitteldaten!O:O) * $B24) / 100, 0) -> 0 | P51: =IFERROR((_xlfn.XLOOKUP($C51, Lebensmitteldaten!$C:$C, Lebensmitteldaten!P:P) * $B24) / 100, 0) -> 0 | Q51: =IFERROR((_xlfn.XLOOKUP($C51, Lebensmitteldaten!$C:$C, Lebensmitteldaten!Q:Q) * $B24) / 100, 0) -> 0 | R51: =IFERROR((_xlfn.XLOOKUP($C51, Lebensmitteldaten!$C:$C, Lebensmitteldaten!R:R) * $B24) / 100, 0) -> 0 | S51: =IFERROR((_xlfn.XLOOKUP($C51, Lebensmitteldaten!$C:$C, Lebensmitteldaten!S:S) * $B24) / 100, 0) -> 0 | T51: =IFERROR((_xlfn.XLOOKUP($C51, Lebensmitteldaten!$C:$C, Lebensmitteldaten!T:T) * $B24) / 100, 0) -> 0 | U51: =IFERROR((_xlfn.XLOOKUP($C51, Lebensmitteldaten!$C:$C, Lebensmitteldaten!U:U) * $B24) / 100, 0) -> 0 | V51: =IFERROR((_xlfn.XLOOKUP($C51, Lebensmitteldaten!$C:$C, Lebensmitteldaten!V:V) * $B24) / 100, 0) -> 0 | W51: =IFERROR((_xlfn.XLOOKUP($C51, Lebensmitteldaten!$C:$C, Lebensmitteldaten!W:W) * $B24) / 100 / 1000, 0) -> 0 | X51: =IFERROR((_xlfn.XLOOKUP($C51, Lebensmitteldaten!$C:$C, Lebensmitteldaten!X:X) * $B24) / 100 / 1000, 0) -> 0 | Y51: =IFERROR((_xlfn.XLOOKUP($C51, Lebensmitteldaten!$C:$C, Lebensmitteldaten!Y:Y) * $B24) / 100, 0) -> 0 | Z51: =IFERROR((_xlfn.XLOOKUP($C51, Lebensmitteldaten!$C:$C, Lebensmitteldaten!Z:Z) * $B24) / 100, 0) -> 0 | AA51: =IFERROR((_xlfn.XLOOKUP($C51, Lebensmitteldaten!$C:$C, Lebensmitteldaten!AA:AA) * $B24) / 100, 0) -> 0 | AB51: =IFERROR((_xlfn.XLOOKUP($C51, Lebensmitteldaten!$C:$C, Lebensmitteldaten!AB:AB) * $B24) / 100, 0) -> 0 | AC51: =IFERROR((_xlfn.XLOOKUP($C51, Lebensmitteldaten!$C:$C, Lebensmitteldaten!AC:AC) * $B24) / 100, 0) -> 0 | AD51: =IFERROR((_xlfn.XLOOKUP($C51, Lebensmitteldaten!$C:$C, Lebensmitteldaten!AD:AD) * $B24) / 100 * 1000, 0) -> 0 | AE51: =IFERROR((_xlfn.XLOOKUP($C51, Lebensmitteldaten!$C:$C, Lebensmitteldaten!AE:AE) * $B24) / 100 * 1000, 0) -> 0 | AF51: =IFERROR((_xlfn.XLOOKUP($C51, Lebensmitteldaten!$C:$C, Lebensmitteldaten!AF:AF) * $B24) / 100 * 1000, 0) -> 0 | AG51: =IFERROR((_xlfn.XLOOKUP($C51, Lebensmitteldaten!$C:$C, Lebensmitteldaten!AG:AG) * $B24) / 100, 0) -> 0 | AH51: =IFERROR((_xlfn.XLOOKUP($C51, Lebensmitteldaten!$C:$C, Lebensmitteldaten!AH:AH) * $B24) / 100, 0) -> 0 | AI51: =IFERROR((_xlfn.XLOOKUP($C51, Lebensmitteldaten!$C:$C, Lebensmitteldaten!AI:AI) * $B24) / 100, 0) -> 0 | AJ51: =IFERROR((_xlfn.XLOOKUP($C51, Lebensmitteldaten!$C:$C, Lebensmitteldaten!AJ:AJ) * $B24) / 100, 0) -> 0 | AK51: =IFERROR((_xlfn.XLOOKUP($C51, Lebensmitteldaten!$C:$C, Lebensmitteldaten!AK:AK) * $B24) / 100, 0) -> 0 | AL51: =IFERROR((_xlfn.XLOOKUP($C51, Lebensmitteldaten!$C:$C, Lebensmitteldaten!AL:AL) * $B24) / 100, 0) -> 0 | AM51: =IFERROR((_xlfn.XLOOKUP($C51, Lebensmitteldaten!$C:$C, Lebensmitteldaten!AM:AM) * $B24) / 100, 0) -> 0 | AN51: =IFERROR((_xlfn.XLOOKUP($C51, Lebensmitteldaten!$C:$C, Lebensmitteldaten!AN:AN) * $B24) / 100 * 1000, 0) -> 0 | AO51: =IFERROR((_xlfn.XLOOKUP($C51, Lebensmitteldaten!$C:$C, Lebensmitteldaten!AO:AO) * $B24) / 100 * 1000, 0) -> 0 | AP51: =IFERROR((_xlfn.XLOOKUP($C51, Lebensmitteldaten!$C:$C, Lebensmitteldaten!AP:AP) * $B24) / 100 * 1000, 0) -> 0 | AQ51: =IFERROR((_xlfn.XLOOKUP($C51, Lebensmitteldaten!$C:$C, Lebensmitteldaten!AQ:AQ) * $B24) / 100 * 1000, 0) -> 0 | AR51: =IFERROR((_xlfn.XLOOKUP($C51, Lebensmitteldaten!$C:$C, Lebensmitteldaten!AR:AR) * $B24) / 100 * 1000, 0) -> 0 | AS51: =IFERROR((_xlfn.XLOOKUP($C51, Lebensmitteldaten!$C:$C, Lebensmitteldaten!AS:AS) * $B24) / 100 * 1000, 0) -> 0 | AT51: =IFERROR((_xlfn.XLOOKUP($C51, Lebensmitteldaten!$C:$C, Lebensmitteldaten!AT:AT) * $B24) / 100 * 1000, 0) -> 0 | AU51: =IFERROR((_xlfn.XLOOKUP($C51, Lebensmitteldaten!$C:$C, Lebensmitteldaten!AU:AU) * $B24) / 100 * 1000, 0) -> 0 | AV51: =IFERROR((_xlfn.XLOOKUP($C51, Lebensmitteldaten!$C:$C, Lebensmitteldaten!AV:AV) * $B24) / 100 * 1000, 0) -> 0 | AW51: =IFERROR((_xlfn.XLOOKUP($C51, Lebensmitteldaten!$C:$C, Lebensmitteldaten!AW:AW) * $B24) / 100 * 1000, 0) -> 0 | AX51: =IFERROR((_xlfn.XLOOKUP($C51, Lebensmitteldaten!$C:$C, Lebensmitteldaten!AX:AX) * $B24) / 100, 0) -> 0 | AY51: =IFERROR((_xlfn.XLOOKUP($C51, Lebensmitteldaten!$C:$C, Lebensmitteldaten!AY:AY) * $B24) / 100, 0) -> 0 | AZ51: =IFERROR((_xlfn.XLOOKUP($C51, Lebensmitteldaten!$C:$C, Lebensmitteldaten!AZ:AZ) * $B24) / 100, 0) -> 0
A52: =_xlfn.XLOOKUP($A25, Lebensmitteldaten!$C:$C, Lebensmitteldaten!$A:$A, "") | B52: =_xlfn.XLOOKUP($A25, Lebensmitteldaten!$C:$C, Lebensmitteldaten!$B:$B, "") | C52: =A25 -> 0 | D52: =IFERROR((_xlfn.XLOOKUP($C52, Lebensmitteldaten!$C:$C, Lebensmitteldaten!D:D) * $B25) / 100, 0) -> 0 | E52: =IFERROR((_xlfn.XLOOKUP($C52, Lebensmitteldaten!$C:$C, Lebensmitteldaten!E:E) * $B25) / 100, 0) -> 0 | F52: =IFERROR((_xlfn.XLOOKUP($C52, Lebensmitteldaten!$C:$C, Lebensmitteldaten!F:F) * $B25) / 100, 0) -> 0 | G52: =IFERROR((_xlfn.XLOOKUP($C52, Lebensmitteldaten!$C:$C, Lebensmitteldaten!G:G) * $B25) / 100, 0) -> 0 | H52: =IFERROR((_xlfn.XLOOKUP($C52, Lebensmitteldaten!$C:$C, Lebensmitteldaten!H:H) * $B25) / 100, 0) -> 0 | I52: =IFERROR((_xlfn.XLOOKUP($C52, Lebensmitteldaten!$C:$C, Lebensmitteldaten!I:I) * $B25) / 100, 0) -> 0 | J52: =IFERROR((_xlfn.XLOOKUP($C52, Lebensmitteldaten!$C:$C, Lebensmitteldaten!J:J) * $B25) / 100, 0) -> 0 | K52: =IFERROR((_xlfn.XLOOKUP($C52, Lebensmitteldaten!$C:$C, Lebensmitteldaten!K:K) * $B25) / 100, 0) -> 0 | L52: =IFERROR((_xlfn.XLOOKUP($C52, Lebensmitteldaten!$C:$C, Lebensmitteldaten!L:L) * $B25) / 100, 0) -> 0 | M52: =IFERROR((_xlfn.XLOOKUP($C52, Lebensmitteldaten!$C:$C, Lebensmitteldaten!M:M) * $B25) / 100, 0) -> 0 | N52: =IFERROR((_xlfn.XLOOKUP($C52, Lebensmitteldaten!$C:$C, Lebensmitteldaten!N:N) * $B25) / 100, 0) -> 0 | O52: =IFERROR((_xlfn.XLOOKUP($C52, Lebensmitteldaten!$C:$C, Lebensmitteldaten!O:O) * $B25) / 100, 0) -> 0 | P52: =IFERROR((_xlfn.XLOOKUP($C52, Lebensmitteldaten!$C:$C, Lebensmitteldaten!P:P) * $B25) / 100, 0) -> 0 | Q52: =IFERROR((_xlfn.XLOOKUP($C52, Lebensmitteldaten!$C:$C, Lebensmitteldaten!Q:Q) * $B25) / 100, 0) -> 0 | R52: =IFERROR((_xlfn.XLOOKUP($C52, Lebensmitteldaten!$C:$C, Lebensmitteldaten!R:R) * $B25) / 100, 0) -> 0 | S52: =IFERROR((_xlfn.XLOOKUP($C52, Lebensmitteldaten!$C:$C, Lebensmitteldaten!S:S) * $B25) / 100, 0) -> 0 | T52: =IFERROR((_xlfn.XLOOKUP($C52, Lebensmitteldaten!$C:$C, Lebensmitteldaten!T:T) * $B25) / 100, 0) -> 0 | U52: =IFERROR((_xlfn.XLOOKUP($C52, Lebensmitteldaten!$C:$C, Lebensmitteldaten!U:U) * $B25) / 100, 0) -> 0 | V52: =IFERROR((_xlfn.XLOOKUP($C52, Lebensmitteldaten!$C:$C, Lebensmitteldaten!V:V) * $B25) / 100, 0) -> 0 | W52: =IFERROR((_xlfn.XLOOKUP($C52, Lebensmitteldaten!$C:$C, Lebensmitteldaten!W:W) * $B25) / 100 / 1000, 0) -> 0 | X52: =IFERROR((_xlfn.XLOOKUP($C52, Lebensmitteldaten!$C:$C, Lebensmitteldaten!X:X) * $B25) / 100 / 1000, 0) -> 0 | Y52: =IFERROR((_xlfn.XLOOKUP($C52, Lebensmitteldaten!$C:$C, Lebensmitteldaten!Y:Y) * $B25) / 100, 0) -> 0 | Z52: =IFERROR((_xlfn.XLOOKUP($C52, Lebensmitteldaten!$C:$C, Lebensmitteldaten!Z:Z) * $B25) / 100, 0) -> 0 | AA52: =IFERROR((_xlfn.XLOOKUP($C52, Lebensmitteldaten!$C:$C, Lebensmitteldaten!AA:AA) * $B25) / 100, 0) -> 0 | AB52: =IFERROR((_xlfn.XLOOKUP($C52, Lebensmitteldaten!$C:$C, Lebensmitteldaten!AB:AB) * $B25) / 100, 0) -> 0 | AC52: =IFERROR((_xlfn.XLOOKUP($C52, Lebensmitteldaten!$C:$C, Lebensmitteldaten!AC:AC) * $B25) / 100, 0) -> 0 | AD52: =IFERROR((_xlfn.XLOOKUP($C52, Lebensmitteldaten!$C:$C, Lebensmitteldaten!AD:AD) * $B25) / 100 * 1000, 0) -> 0 | AE52: =IFERROR((_xlfn.XLOOKUP($C52, Lebensmitteldaten!$C:$C, Lebensmitteldaten!AE:AE) * $B25) / 100 * 1000, 0) -> 0 | AF52: =IFERROR((_xlfn.XLOOKUP($C52, Lebensmitteldaten!$C:$C, Lebensmitteldaten!AF:AF) * $B25) / 100 * 1000, 0) -> 0 | AG52: =IFERROR((_xlfn.XLOOKUP($C52, Lebensmitteldaten!$C:$C, Lebensmitteldaten!AG:AG) * $B25) / 100, 0) -> 0 | AH52: =IFERROR((_xlfn.XLOOKUP($C52, Lebensmitteldaten!$C:$C, Lebensmitteldaten!AH:AH) * $B25) / 100, 0) -> 0 | AI52: =IFERROR((_xlfn.XLOOKUP($C52, Lebensmitteldaten!$C:$C, Lebensmitteldaten!AI:AI) * $B25) / 100, 0) -> 0 | AJ52: =IFERROR((_xlfn.XLOOKUP($C52, Lebensmitteldaten!$C:$C, Lebensmitteldaten!AJ:AJ) * $B25) / 100, 0) -> 0 | AK52: =IFERROR((_xlfn.XLOOKUP($C52, Lebensmitteldaten!$C:$C, Lebensmitteldaten!AK:AK) * $B25) / 100, 0) -> 0 | AL52: =IFERROR((_xlfn.XLOOKUP($C52, Lebensmitteldaten!$C:$C, Lebensmitteldaten!AL:AL) * $B25) / 100, 0) -> 0 | AM52: =IFERROR((_xlfn.XLOOKUP($C52, Lebensmitteldaten!$C:$C, Lebensmitteldaten!AM:AM) * $B25) / 100, 0) -> 0 | AN52: =IFERROR((_xlfn.XLOOKUP($C52, Lebensmitteldaten!$C:$C, Lebensmitteldaten!AN:AN) * $B25) / 100 * 1000, 0) -> 0 | AO52: =IFERROR((_xlfn.XLOOKUP($C52, Lebensmitteldaten!$C:$C, Lebensmitteldaten!AO:AO) * $B25) / 100 * 1000, 0) -> 0 | AP52: =IFERROR((_xlfn.XLOOKUP($C52, Lebensmitteldaten!$C:$C, Lebensmitteldaten!AP:AP) * $B25) / 100 * 1000, 0) -> 0 | AQ52: =IFERROR((_xlfn.XLOOKUP($C52, Lebensmitteldaten!$C:$C, Lebensmitteldaten!AQ:AQ) * $B25) / 100 * 1000, 0) -> 0 | AR52: =IFERROR((_xlfn.XLOOKUP($C52, Lebensmitteldaten!$C:$C, Lebensmitteldaten!AR:AR) * $B25) / 100 * 1000, 0) -> 0 | AS52: =IFERROR((_xlfn.XLOOKUP($C52, Lebensmitteldaten!$C:$C, Lebensmitteldaten!AS:AS) * $B25) / 100 * 1000, 0) -> 0 | AT52: =IFERROR((_xlfn.XLOOKUP($C52, Lebensmitteldaten!$C:$C, Lebensmitteldaten!AT:AT) * $B25) / 100 * 1000, 0) -> 0 | AU52: =IFERROR((_xlfn.XLOOKUP($C52, Lebensmitteldaten!$C:$C, Lebensmitteldaten!AU:AU) * $B25) / 100 * 1000, 0) -> 0 | AV52: =IFERROR((_xlfn.XLOOKUP($C52, Lebensmitteldaten!$C:$C, Lebensmitteldaten!AV:AV) * $B25) / 100 * 1000, 0) -> 0 | AW52: =IFERROR((_xlfn.XLOOKUP($C52, Lebensmitteldaten!$C:$C, Lebensmitteldaten!AW:AW) * $B25) / 100 * 1000, 0) -> 0 | AX52: =IFERROR((_xlfn.XLOOKUP($C52, Lebensmitteldaten!$C:$C, Lebensmitteldaten!AX:AX) * $B25) / 100, 0) -> 0 | AY52: =IFERROR((_xlfn.XLOOKUP($C52, Lebensmitteldaten!$C:$C, Lebensmitteldaten!AY:AY) * $B25) / 100, 0) -> 0 | AZ52: =IFERROR((_xlfn.XLOOKUP($C52, Lebensmitteldaten!$C:$C, Lebensmitteldaten!AZ:AZ) * $B25) / 100, 0) -> 0
... A60: =_xlfn.XLOOKUP($A33, Lebensmitteldaten!$C:$C, Lebensmitteldaten!$A:$A, "") | B60: =_xlfn.XLOOKUP($A33, Lebensmitteldaten!$C:$C, Lebensmitteldaten!$B:$B, "") | C60: =A33 -> 0 | D60: =IFERROR((_xlfn.XLOOKUP($C60, Lebensmitteldaten!$C:$C, Lebensmitteldaten!D:D) * $B33) / 100, 0) -> 0 | E60: =IFERROR((_xlfn.XLOOKUP($C60, Lebensmitteldaten!$C:$C, Lebensmitteldaten!E:E) * $B33) / 100, 0) -> 0 | F60: =IFERROR((_xlfn.XLOOKUP($C60, Lebensmitteldaten!$C:$C, Lebensmitteldaten!F:F) * $B33) / 100, 0) -> 0 | G60: =IFERROR((_xlfn.XLOOKUP($C60, Lebensmitteldaten!$C:$C, Lebensmitteldaten!G:G) * $B33) / 100, 0) -> 0 | H60: =IFERROR((_xlfn.XLOOKUP($C60, Lebensmitteldaten!$C:$C, Lebensmitteldaten!H:H) * $B33) / 100, 0) -> 0 | I60: =IFERROR((_xlfn.XLOOKUP($C60, Lebensmitteldaten!$C:$C, Lebensmitteldaten!I:I) * $B33) / 100, 0) -> 0 | J60: =IFERROR((_xlfn.XLOOKUP($C60, Lebensmitteldaten!$C:$C, Lebensmitteldaten!J:J) * $B33) / 100, 0) -> 0 | K60: =IFERROR((_xlfn.XLOOKUP($C60, Lebensmitteldaten!$C:$C, Lebensmitteldaten!K:K) * $B33) / 100, 0) -> 0 | L60: =IFERROR((_xlfn.XLOOKUP($C60, Lebensmitteldaten!$C:$C, Lebensmitteldaten!L:L) * $B33) / 100, 0) -> 0 | M60: =IFERROR((_xlfn.XLOOKUP($C60, Lebensmitteldaten!$C:$C, Lebensmitteldaten!M:M) * $B33) / 100, 0) -> 0 | N60: =IFERROR((_xlfn.XLOOKUP($C60, Lebensmitteldaten!$C:$C, Lebensmitteldaten!N:N) * $B33) / 100, 0) -> 0 | O60: =IFERROR((_xlfn.XLOOKUP($C60, Lebensmitteldaten!$C:$C, Lebensmitteldaten!O:O) * $B33) / 100, 0) -> 0 | P60: =IFERROR((_xlfn.XLOOKUP($C60, Lebensmitteldaten!$C:$C, Lebensmitteldaten!P:P) * $B33) / 100, 0) -> 0 | Q60: =IFERROR((_xlfn.XLOOKUP($C60, Lebensmitteldaten!$C:$C, Lebensmitteldaten!Q:Q) * $B33) / 100, 0) -> 0 | R60: =IFERROR((_xlfn.XLOOKUP($C60, Lebensmitteldaten!$C:$C, Lebensmitteldaten!R:R) * $B33) / 100, 0) -> 0 | S60: =IFERROR((_xlfn.XLOOKUP($C60, Lebensmitteldaten!$C:$C, Lebensmitteldaten!S:S) * $B33) / 100, 0) -> 0 | T60: =IFERROR((_xlfn.XLOOKUP($C60, Lebensmitteldaten!$C:$C, Lebensmitteldaten!T:T) * $B33) / 100, 0) -> 0 | U60: =IFERROR((_xlfn.XLOOKUP($C60, Lebensmitteldaten!$C:$C, Lebensmitteldaten!U:U) * $B33) / 100, 0) -> 0 | V60: =IFERROR((_xlfn.XLOOKUP($C60, Lebensmitteldaten!$C:$C, Lebensmitteldaten!V:V) * $B33) / 100, 0) -> 0 | W60: =IFERROR((_xlfn.XLOOKUP($C60, Lebensmitteldaten!$C:$C, Lebensmitteldaten!W:W) * $B33) / 100 / 1000, 0) -> 0 | X60: =IFERROR((_xlfn.XLOOKUP($C60, Lebensmitteldaten!$C:$C, Lebensmitteldaten!X:X) * $B33) / 100 / 1000, 0) -> 0 | Y60: =IFERROR((_xlfn.XLOOKUP($C60, Lebensmitteldaten!$C:$C, Lebensmitteldaten!Y:Y) * $B33) / 100, 0) -> 0 | Z60: =IFERROR((_xlfn.XLOOKUP($C60, Lebensmitteldaten!$C:$C, Lebensmitteldaten!Z:Z) * $B33) / 100, 0) -> 0 | AA60: =IFERROR((_xlfn.XLOOKUP($C60, Lebensmitteldaten!$C:$C, Lebensmitteldaten!AA:AA) * $B33) / 100, 0) -> 0 | AB60: =IFERROR((_xlfn.XLOOKUP($C60, Lebensmitteldaten!$C:$C, Lebensmitteldaten!AB:AB) * $B33) / 100, 0) -> 0 | AC60: =IFERROR((_xlfn.XLOOKUP($C60, Lebensmitteldaten!$C:$C, Lebensmitteldaten!AC:AC) * $B33) / 100, 0) -> 0 | AD60: =IFERROR((_xlfn.XLOOKUP($C60, Lebensmitteldaten!$C:$C, Lebensmitteldaten!AD:AD) * $B33) / 100 * 1000, 0) -> 0 | AE60: =IFERROR((_xlfn.XLOOKUP($C60, Lebensmitteldaten!$C:$C, Lebensmitteldaten!AE:AE) * $B33) / 100 * 1000, 0) -> 0 | AF60: =IFERROR((_xlfn.XLOOKUP($C60, Lebensmitteldaten!$C:$C, Lebensmitteldaten!AF:AF) * $B33) / 100 * 1000, 0) -> 0 | AG60: =IFERROR((_xlfn.XLOOKUP($C60, Lebensmitteldaten!$C:$C, Lebensmitteldaten!AG:AG) * $B33) / 100, 0) -> 0 | AH60: =IFERROR((_xlfn.XLOOKUP($C60, Lebensmitteldaten!$C:$C, Lebensmitteldaten!AH:AH) * $B33) / 100, 0) -> 0 | AI60: =IFERROR((_xlfn.XLOOKUP($C60, Lebensmitteldaten!$C:$C, Lebensmitteldaten!AI:AI) * $B33) / 100, 0) -> 0 | AJ60: =IFERROR((_xlfn.XLOOKUP($C60, Lebensmitteldaten!$C:$C, Lebensmitteldaten!AJ:AJ) * $B33) / 100, 0) -> 0 | AK60: =IFERROR((_xlfn.XLOOKUP($C60, Lebensmitteldaten!$C:$C, Lebensmitteldaten!AK:AK) * $B33) / 100, 0) -> 0 | AL60: =IFERROR((_xlfn.XLOOKUP($C60, Lebensmitteldaten!$C:$C, Lebensmitteldaten!AL:AL) * $B33) / 100, 0) -> 0 | AM60: =IFERROR((_xlfn.XLOOKUP($C60, Lebensmitteldaten!$C:$C, Lebensmitteldaten!AM:AM) * $B33) / 100, 0) -> 0 | AN60: =IFERROR((_xlfn.XLOOKUP($C60, Lebensmitteldaten!$C:$C, Lebensmitteldaten!AN:AN) * $B33) / 100 * 1000, 0) -> 0 | AO60: =IFERROR((_xlfn.XLOOKUP($C60, Lebensmitteldaten!$C:$C, Lebensmitteldaten!AO:AO) * $B33) / 100 * 1000, 0) -> 0 | AP60: =IFERROR((_xlfn.XLOOKUP($C60, Lebensmitteldaten!$C:$C, Lebensmitteldaten!AP:AP) * $B33) / 100 * 1000, 0) -> 0 | AQ60: =IFERROR((_xlfn.XLOOKUP($C60, Lebensmitteldaten!$C:$C, Lebensmitteldaten!AQ:AQ) * $B33) / 100 * 1000, 0) -> 0 | AR60: =IFERROR((_xlfn.XLOOKUP($C60, Lebensmitteldaten!$C:$C, Lebensmitteldaten!AR:AR) * $B33) / 100 * 1000, 0) -> 0 | AS60: =IFERROR((_xlfn.XLOOKUP($C60, Lebensmitteldaten!$C:$C, Lebensmitteldaten!AS:AS) * $B33) / 100 * 1000, 0) -> 0 | AT60: =IFERROR((_xlfn.XLOOKUP($C60, Lebensmitteldaten!$C:$C, Lebensmitteldaten!AT:AT) * $B33) / 100 * 1000, 0) -> 0 | AU60: =IFERROR((_xlfn.XLOOKUP($C60, Lebensmitteldaten!$C:$C, Lebensmitteldaten!AU:AU) * $B33) / 100 * 1000, 0) -> 0 | AV60: =IFERROR((_xlfn.XLOOKUP($C60, Lebensmitteldaten!$C:$C, Lebensmitteldaten!AV:AV) * $B33) / 100 * 1000, 0) -> 0 | AW60: =IFERROR((_xlfn.XLOOKUP($C60, Lebensmitteldaten!$C:$C, Lebensmitteldaten!AW:AW) * $B33) / 100 * 1000, 0) -> 0 | AX60: =IFERROR((_xlfn.XLOOKUP($C60, Lebensmitteldaten!$C:$C, Lebensmitteldaten!AX:AX) * $B33) / 100, 0) -> 0 | AY60: =IFERROR((_xlfn.XLOOKUP($C60, Lebensmitteldaten!$C:$C, Lebensmitteldaten!AY:AY) * $B33) / 100, 0) -> 0 | AZ60: =IFERROR((_xlfn.XLOOKUP($C60, Lebensmitteldaten!$C:$C, Lebensmitteldaten!AZ:AZ) * $B33) / 100, 0) -> 0
B61: =_xlfn.XLOOKUP($A34, Lebensmitteldaten!$C:$C, Lebensmitteldaten!$B:$B, "") | C61: =A34 -> 0 | D61: =IFERROR((_xlfn.XLOOKUP($C61, Lebensmitteldaten!$C:$C, Lebensmitteldaten!D:D) * $B34) / 100, 0) -> 0 | E61: =IFERROR((_xlfn.XLOOKUP($C61, Lebensmitteldaten!$C:$C, Lebensmitteldaten!E:E) * $B34) / 100, 0) -> 0 | F61: =IFERROR((_xlfn.XLOOKUP($C61, Lebensmitteldaten!$C:$C, Lebensmitteldaten!F:F) * $B34) / 100, 0) -> 0 | G61: =IFERROR((_xlfn.XLOOKUP($C61, Lebensmitteldaten!$C:$C, Lebensmitteldaten!G:G) * $B34) / 100, 0) -> 0 | H61: =IFERROR((_xlfn.XLOOKUP($C61, Lebensmitteldaten!$C:$C, Lebensmitteldaten!H:H) * $B34) / 100, 0) -> 0 | I61: =IFERROR((_xlfn.XLOOKUP($C61, Lebensmitteldaten!$C:$C, Lebensmitteldaten!I:I) * $B34) / 100, 0) -> 0 | J61: =IFERROR((_xlfn.XLOOKUP($C61, Lebensmitteldaten!$C:$C, Lebensmitteldaten!J:J) * $B34) / 100, 0) -> 0 | K61: =IFERROR((_xlfn.XLOOKUP($C61, Lebensmitteldaten!$C:$C, Lebensmitteldaten!K:K) * $B34) / 100, 0) -> 0 | L61: =IFERROR((_xlfn.XLOOKUP($C61, Lebensmitteldaten!$C:$C, Lebensmitteldaten!L:L) * $B34) / 100, 0) -> 0 | M61: =IFERROR((_xlfn.XLOOKUP($C61, Lebensmitteldaten!$C:$C, Lebensmitteldaten!M:M) * $B34) / 100, 0) -> 0 | N61: =IFERROR((_xlfn.XLOOKUP($C61, Lebensmitteldaten!$C:$C, Lebensmitteldaten!N:N) * $B34) / 100, 0) -> 0 | O61: =IFERROR((_xlfn.XLOOKUP($C61, Lebensmitteldaten!$C:$C, Lebensmitteldaten!O:O) * $B34) / 100, 0) -> 0 | P61: =IFERROR((_xlfn.XLOOKUP($C61, Lebensmitteldaten!$C:$C, Lebensmitteldaten!P:P) * $B34) / 100, 0) -> 0 | Q61: =IFERROR((_xlfn.XLOOKUP($C61, Lebensmitteldaten!$C:$C, Lebensmitteldaten!Q:Q) * $B34) / 100, 0) -> 0 | R61: =IFERROR((_xlfn.XLOOKUP($C61, Lebensmitteldaten!$C:$C, Lebensmitteldaten!R:R) * $B34) / 100, 0) -> 0 | S61: =IFERROR((_xlfn.XLOOKUP($C61, Lebensmitteldaten!$C:$C, Lebensmitteldaten!S:S) * $B34) / 100, 0) -> 0 | T61: =IFERROR((_xlfn.XLOOKUP($C61, Lebensmitteldaten!$C:$C, Lebensmitteldaten!T:T) * $B34) / 100, 0) -> 0 | U61: =IFERROR((_xlfn.XLOOKUP($C61, Lebensmitteldaten!$C:$C, Lebensmitteldaten!U:U) * $B34) / 100, 0) -> 0 | V61: =IFERROR((_xlfn.XLOOKUP($C61, Lebensmitteldaten!$C:$C, Lebensmitteldaten!V:V) * $B34) / 100, 0) -> 0 | W61: =IFERROR((_xlfn.XLOOKUP($C61, Lebensmitteldaten!$C:$C, Lebensmitteldaten!W:W) * $B34) / 100 / 1000, 0) -> 0 | X61: =IFERROR((_xlfn.XLOOKUP($C61, Lebensmitteldaten!$C:$C, Lebensmitteldaten!X:X) * $B34) / 100 / 1000, 0) -> 0 | Y61: =IFERROR((_xlfn.XLOOKUP($C61, Lebensmitteldaten!$C:$C, Lebensmitteldaten!Y:Y) * $B34) / 100, 0) -> 0 | Z61: =IFERROR((_xlfn.XLOOKUP($C61, Lebensmitteldaten!$C:$C, Lebensmitteldaten!Z:Z) * $B34) / 100, 0) -> 0 | AA61: =IFERROR((_xlfn.XLOOKUP($C61, Lebensmitteldaten!$C:$C, Lebensmitteldaten!AA:AA) * $B34) / 100, 0) -> 0 | AB61: =IFERROR((_xlfn.XLOOKUP($C61, Lebensmitteldaten!$C:$C, Lebensmitteldaten!AB:AB) * $B34) / 100, 0) -> 0 | AC61: =IFERROR((_xlfn.XLOOKUP($C61, Lebensmitteldaten!$C:$C, Lebensmitteldaten!AC:AC) * $B34) / 100, 0) -> 0 | AD61: =IFERROR((_xlfn.XLOOKUP($C61, Lebensmitteldaten!$C:$C, Lebensmitteldaten!AD:AD) * $B34) / 100 * 1000, 0) -> 0 | AE61: =IFERROR((_xlfn.XLOOKUP($C61, Lebensmitteldaten!$C:$C, Lebensmitteldaten!AE:AE) * $B34) / 100 * 1000, 0) -> 0 | AF61: =IFERROR((_xlfn.XLOOKUP($C61, Lebensmitteldaten!$C:$C, Lebensmitteldaten!AF:AF) * $B34) / 100 * 1000, 0) -> 0 | AG61: =IFERROR((_xlfn.XLOOKUP($C61, Lebensmitteldaten!$C:$C, Lebensmitteldaten!AG:AG) * $B34) / 100, 0) -> 0 | AH61: =IFERROR((_xlfn.XLOOKUP($C61, Lebensmitteldaten!$C:$C, Lebensmitteldaten!AH:AH) * $B34) / 100, 0) -> 0 | AI61: =IFERROR((_xlfn.XLOOKUP($C61, Lebensmitteldaten!$C:$C, Lebensmitteldaten!AI:AI) * $B34) / 100, 0) -> 0 | AJ61: =IFERROR((_xlfn.XLOOKUP($C61, Lebensmitteldaten!$C:$C, Lebensmitteldaten!AJ:AJ) * $B34) / 100, 0) -> 0 | AK61: =IFERROR((_xlfn.XLOOKUP($C61, Lebensmitteldaten!$C:$C, Lebensmitteldaten!AK:AK) * $B34) / 100, 0) -> 0 | AL61: =IFERROR((_xlfn.XLOOKUP($C61, Lebensmitteldaten!$C:$C, Lebensmitteldaten!AL:AL) * $B34) / 100, 0) -> 0 | AM61: =IFERROR((_xlfn.XLOOKUP($C61, Lebensmitteldaten!$C:$C, Lebensmitteldaten!AM:AM) * $B34) / 100, 0) -> 0 | AN61: =IFERROR((_xlfn.XLOOKUP($C61, Lebensmitteldaten!$C:$C, Lebensmitteldaten!AN:AN) * $B34) / 100 * 1000, 0) -> 0 | AO61: =IFERROR((_xlfn.XLOOKUP($C61, Lebensmitteldaten!$C:$C, Lebensmitteldaten!AO:AO) * $B34) / 100 * 1000, 0) -> 0 | AP61: =IFERROR((_xlfn.XLOOKUP($C61, Lebensmitteldaten!$C:$C, Lebensmitteldaten!AP:AP) * $B34) / 100 * 1000, 0) -> 0 | AQ61: =IFERROR((_xlfn.XLOOKUP($C61, Lebensmitteldaten!$C:$C, Lebensmitteldaten!AQ:AQ) * $B34) / 100 * 1000, 0) -> 0 | AR61: =IFERROR((_xlfn.XLOOKUP($C61, Lebensmitteldaten!$C:$C, Lebensmitteldaten!AR:AR) * $B34) / 100 * 1000, 0) -> 0 | AS61: =IFERROR((_xlfn.XLOOKUP($C61, Lebensmitteldaten!$C:$C, Lebensmitteldaten!AS:AS) * $B34) / 100 * 1000, 0) -> 0 | AT61: =IFERROR((_xlfn.XLOOKUP($C61, Lebensmitteldaten!$C:$C, Lebensmitteldaten!AT:AT) * $B34) / 100 * 1000, 0) -> 0 | AU61: =IFERROR((_xlfn.XLOOKUP($C61, Lebensmitteldaten!$C:$C, Lebensmitteldaten!AU:AU) * $B34) / 100 * 1000, 0) -> 0 | AV61: =IFERROR((_xlfn.XLOOKUP($C61, Lebensmitteldaten!$C:$C, Lebensmitteldaten!AV:AV) * $B34) / 100 * 1000, 0) -> 0 | AW61: =IFERROR((_xlfn.XLOOKUP($C61, Lebensmitteldaten!$C:$C, Lebensmitteldaten!AW:AW) * $B34) / 100 * 1000, 0) -> 0 | AX61: =IFERROR((_xlfn.XLOOKUP($C61, Lebensmitteldaten!$C:$C, Lebensmitteldaten!AX:AX) * $B34) / 100, 0) -> 0 | AY61: =IFERROR((_xlfn.XLOOKUP($C61, Lebensmitteldaten!$C:$C, Lebensmitteldaten!AY:AY) * $B34) / 100, 0) -> 0 | AZ61: =IFERROR((_xlfn.XLOOKUP($C61, Lebensmitteldaten!$C:$C, Lebensmitteldaten!AZ:AZ) * $B34) / 100, 0) -> 0
A68: Urin Analyse
A69: KAB | B69: =(50*N39+82*P39+43*Q39+26*R39-65*O39)/1000 -> 99.346205
A70: Urin-PH-Wert | B70: =((B69-(F39*0.625))/(M39/100)*0.019+6.5) -> 6.9885389

Sheet Bedarfswerte
A1: Name des Hundes | B1: =Dashboard!B1 -> Cara
A2: Gewicht | B2: =Dashboard!B2 -> 27
A3: Zielgewicht | B3: =Dashboard!B3 -> 27
A4: Aktivitätsfaktor | B4: =Dashboard!B4 -> > 7 Jahre
A5: Stoffwechselgewicht | B5: =Dashboard!B5 -> 11.844666
A12: Bedarf | B12: Meyer/Zentek | C12: Energie [kcal] | D12: Energie [MJ] | E12: Rohprotein [g] | F12: vRP [g] | G12: Rohfett [g] | H12: NfE [g] | I12: Rohfaser [g] | J12: Rohasche [g] | K12: Wasser [g] | L12: TS | M12: Calcium [mg] | N12: Phosphor [mg] | O12: Magnesium [mg] | P12: Natrium [mg] | Q12: Kalium [mg] | R12: Chlorid [mg] | S12: Eisen [mg] | T12: Zink [mg] | U12: Selen [µg] | V12: Kupfer [mg] | W12: Mangan [mg] | X12: Jod [µg] | Y12: Schwefel [mg] | Z12: Vitamin D3 [µg] | AA12: Vitamin E [mg] | AB12: Vitamin A [µg] | AC12: Vitamin B1 [µg] | AD12: Vitamin B2 [µg] | AE12: Vit. B3/Niacin [µg] | AF12: Vitamin B6 [µg] | AG12: Vitamin B12 [µg] | AH12: Vitamin C [mg] | AI12: Vitamin K [µg] | AJ12: Folsäure/B9 [µg] | AK12: Biotin/B7 [µg] | AL12: Lactose [g] | AM12: Omega-3, gesamt [mg] | AN12: EPA [mg] | AO12: DHA [mg] | AP12: Omega-6, gesamt [mg] | AQ12: Linolsäure [mg] | AR12: Arginin [mg] | AS12: Cystein [mg] | AT12: Histidin [mg] | AU12: Lysin [mg] | AV12: Methionin [mg] | AW12: Vitamin D I.E. | AX12: Vitamin A IE | AY12: Vitamin E IE
A13: M/Z Minimum | C13: 0 | D13: 0 | E13: =F13 / _xlfn.XLOOKUP(Dashboard!$B$6, Hintergrunddaten!$F$4:$F$8, Hintergrunddaten!$G$4:$G$8, 0.85) -> 33 | F13: =Dashboard!$B$2 * _xlfn.XLOOKUP(Dashboard!$B$2, Hintergrunddaten!$A$4:$A$11, Hintergrunddaten!$B$4:$B$11, "Fehler", -1) -> 29.7 | G13: =Dashboard!$B$2 * 1 -> 27 | H13: 0 | I13: 0 | J13: 0 | K13: 0 | L13: 0 | M13: =Dashboard!$B$2 * 62 -> 1674 | N13: =Dashboard!$B$2 * 46 -> 1242 | O13: =Dashboard!$B$2 * 10 -> 270 | P13: =Dashboard!$B$2 * 20 -> 540 | Q13: 0 | R13: 0 | S13: =Dashboard!$B$2 * 0.5 -> 13.5 | T13: 0 | U13: 0 | V13: 0 | W13: =Dashboard!$B$2 * 0.01 -> 0.27 | X13: =Dashboard!$B$2 * 13 -> 351 | Y13: 0 | Z13: 0 | AA13: 0 | AB13: 0 | AC13: 0 | AD13: 0 | AE13: 0 | AF13: 0 | AG13: 0 | AH13: 0 | AI13: 0 | AJ13: 0 | AK13: 0 | AL13: 0 | AM13: 0 | AN13: =Dashboard!$B$2 * 18 -> 486 | AO13: =Dashboard!$B$2 * 12 -> 324 | AP13: 0 | AQ13: =$B$2 * 50 -> 1350 | AR13: =Dashboard!$B$2 * 56 -> 1512 | AS13: =Dashboard!$B$2 * 31 -> 837 | AT13: =Dashboard!$B$2 * 32 -> 864 | AU13: =Dashboard!$B$2 * 56 -> 1512 | AV13: =Dashboard!$B$2 * 56 -> 1512 | AW13: =Z13/0.025 -> 0 | AX13: =AB13/0.3 -> 0 | AY13: =AA13/0.67 -> 0
A14: M/Z Empfehlung | C14: =D14 * 239 -> 1188.9676 | D14: =Dashboard!$B$5 * _xlfn.XLOOKUP(Dashboard!$B$4, Hintergrunddaten!$I$4:$I$6, Hintergrunddaten!$J$4:$J$6, 0.52) -> 4.9747598 | E14: =F14 / _xlfn.XLOOKUP(Dashboard!$B$6, Hintergrunddaten!$F$4:$F$8, Hintergrunddaten!$G$4:$G$8, 0.85) -> 66 | F14: =Dashboard!$B$2 * _xlfn.XLOOKUP(Dashboard!$B$2, Hintergrunddaten!$A$4:$A$11, Hintergrunddaten!$C$4:$C$11, "Fehler", -1) -> 59.4 | H14: 0 | I14: 0 | J14: =$B$5*J13 -> 0 | K14: =$B$5*K13 -> 0 | L14: 0 | M14: =Dashboard!$B$2 * 80 -> 2160 | N14: =Dashboard!$B$2 * 60 -> 1620 | O14: =Dashboard!$B$2 * 12 -> 324 | P14: =Dashboard!$B$2 * 50 -> 1350 | Q14: =Dashboard!$B$2 * 55 -> 1485 | R14: =Dashboard!$B$2 * 75 -> 2025 | S14: =Dashboard!$B$2 * 1.4 -> 37.8 | T14: =Dashboard!$B$2 * 0.9 -> 24.3 | U14: =Dashboard!$B$2 * 2.5 -> 67.5 | V14: =Dashboard!$B$2 * 0.1 -> 2.7 | W14: =Dashboard!$B$2 * 0.07 -> 1.89 | X14: =Dashboard!$B$2 * 15 -> 405 | Y14: =$B$5*Y13 -> 0 | Z14: =Dashboard!$B$2 * 0.25 -> 6.75 | AA14: =Dashboard!$B$2 * 0.5 -> 13.5 | AB14: =Dashboard!$B$2 * 22.5 -> 607.5 | AC14: =Dashboard!$B$2 * 20 -> 540 | AD14: =Dashboard!$B$2 * 50 -> 1350 | AE14: =Dashboard!$B$2 * 200 -> 5400 | AF14: =Dashboard!$B$2 * 20 -> 540 | AG14: =Dashboard!$B$2 * 0.5 -> 13.5 | AH14: =$B$5*AH13 -> 0 | AI14: =$B$5*AI13 -> 0 | AJ14: =Dashboard!$B$2 * 4 -> 108 | AK14: =Dashboard!$B$2 * 2 -> 54 | AL14: =$B$5*AL13 -> 0 | AM14: 0 | AN14: =Dashboard!$B$2 * 45 -> 1215 | AO14: =Dashboard!$B$2 * 30 -> 810 | AP14: =$B$5*AP13 -> 0 | AQ14: =$B$2 * 150 -> 4050 | AR14: =Dashboard!$B$2 * 56 -> 1512 | AS14: =Dashboard!$B$2 * 51 -> 1377 | AT14: =Dashboard!$B$2 * 32 -> 864 | AU14: =Dashboard!$B$2 * 68 -> 1836 | AV14: =Dashboard!$B$2 * 76 -> 2052 | AW14: =Z14/0.025 -> 270 | AX14: =AB14/0.3 -> 2025 | AY14: =AA14/0.67 -> 20.149254
A15: M/Z Maximum | Q15: =Dashboard!$B$2 * 2000 -> 54000 | U15: =Dashboard!$B$2 * 5 -> 135 | W15: =Dashboard!$B$2 * 0.13 -> 3.51 | Z15: =Dashboard!$B$2 * 1.25 -> 33.75 | AA15: =Dashboard!$B$2 * 11 -> 297 | AB15: =Dashboard!$B$2 * 4500 -> 121500 | AN15: =Dashboard!$B$2 * 90 -> 2430 | AO15: =Dashboard!$B$2 * 60 -> 1620 | AW15: =Z15/0.025 -> 1350 | AX15: =AB15/0.3 -> 405000 | AY15: =AA15/0.67 -> 443.28358
A16: Bedarf | B16: NRC | C16: Energie [kcal/100g] | D16: Energie [MJ/100g] | E16: Rohprotein [g/100g] | F16: vRP | G16: Rohfett [g/100g] | H16: NfE [g/100g] | I16: Rohfaser [g/100g] | J16: Rohasche [g/100g] | K16: Wasser [g/100g] | M16: Calcium [mg/100g] | N16: Phosphor [mg/100g] | O16: Magnesium [mg/100g] | P16: Natrium [mg/100g] | Q16: Kalium [mg/100g] | R16: Chlorid [mg/100g] | S16: Eisen [mg/100g] | T16: Zink [mg/100g] | U16: Selen [µg/100g] | V16: Kupfer [µg/100g] | W16: Mangan [µg/100g] | X16: Jod [µg/100g] | Y16: Schwefel [mg/100g] | Z16: Vitamin D3 [µg/100g] | AA16: Vitamin E [mg/100g] | AB16: Vitamin A [µg/100g] | AC16: Vitamin B1 [mg/100g] | AD16: Vitamin B2 [mg/100g] | AE16: Vit. B3/Niacin [mg/100g] | AF16: Vitamin B6 [µg/100g] | AG16: Vitamin B12 [µg/100g] | AH16: Vitamin C [mg/100g] | AI16: Vitamin K [µg/100g] | AJ16: Folsäure [µg/100g] | AK16: Biotin [µg/100g] | AL16: Lactose [g/100g] | AM16: Omega-3, gesamt [g/100g] | AN16: EPA [g/100g] | AO16: DHA [g/100g] | AP16: Omega-6, gesamt [g/100g] | AQ16: Linolsäure [g/100g] | AR16: Arginin [g/100g] | AS16: Cystein [g/100g] | AT16: Histidin [g/100g] | AU16: Lysin [g/100g] | AV16: Methionin [g/100g] | AW16: Vitamin D I.E. | AX16: Vitamin A IE | AY16: Vitamin E IE
A17: Multi | C17: 95 | D17: =C17/239 -> 0.39748954 | E17: 3.28 | F17: 2.5 | G17: 1.32 | I17: 0.5 | M17: 130 | N17: 100 | O17: 12 | P17: 26 | Q17: 175 | R17: 40 | S17: 5 | T17: 2.5 | U17: 8.7 | V17: 0.3 | W17: 0.23 | X17: 44 | Z17: 20 | AA17: 1.2 | AB17: 150 | AC17: 0.07 | AD17: 0.16 | AE17: 0.45 | AF17: 0.045 | AG17: 1.1 | AJ17: 9 | AK17: 2.5 | AM17: 0.11 | AN17: 4 | AO17: 3 | AP17: 0.33 | AQ17: 0.28 | AR17: 135 | AS17: 65 | AT17: 50 | AU17: 100 | AV17: 45 | AW17: 20 | AX17: 150 | AY17: 1.8
A18: Berechnung | C18: =$B$5*C17*$B$4 -> #VALUE! | D18: =C18*0.004184 -> #VALUE! | E18: =$B$5*E17 -> 38.850505 | F18: =$B$5*F17 -> 29.611665 | G18: =$B$5*G17*$B$4 -> #VALUE! | H18: =$B$5*H17 -> 0 | I18: =$B$5*I17 -> 5.9223331 | J18: =$B$5*J17 -> 0 | K18: =$B$5*K17 -> 0 | M18: =$B$5*M17 -> 1539.8066 | N18: =$B$5*N17 -> 1184.4666 | O18: =$B$5*O17 -> 142.13599 | P18: =$B$5*P17 -> 307.96132 | Q18: =$B$5*Q17 -> 2072.8166 | R18: =$B$5*R17 -> 473.78664 | S18: =$B$5*S17 -> 59.223331 | T18: =$B$5*T17 -> 29.611665 | ... AY18: =$B$5*AY17 -> 21.320399

Sheet Analyse
A1: Nährtoff | B1: Ist-Wert | C1: Soll Min | D1: Soll Empf. | E1: Soll Max. | F1: Deckung (Empf.) | G1: Status
A2: {=TRANSPOSE(Dashboard!D40:AZ40)} -> Energie [kcal] | B2: {=TRANSPOSE(Dashboard!D39:AZ39)} -> 764.19 | C2: {=TRANSPOSE(Dashboard!D37:AZ37)} -> 0 | D2: {=TRANSPOSE(Dashboard!D38:AZ38)} -> 1188.9676 | E2: {=TRANSPOSE(Dashboard!D36:AZ36)} -> 0 | F2: =IFERROR(B2/D2, 0) -> 0.64273409 | G2: =IF(B2<C2, "🔴 Zu niedrig", IF(AND(B2>=C2, B2<(D2*0.85)), "🟡 Unter Ideal", IF(B2<=(D2*1.15), "🟢 Ideal", IF(OR(E2=0, B2<=E2), "🟠 Über Ideal", "🔴 Zu hoch")))) -> 🟡 Unter Ideal
A3: Energie [MJ] | B3: 3.1974477 | C3: 0 | D3: 4.9747598 | E3: 0 | F3: =IFERROR(B3/D3, 0) -> 0.64273409 | G3: =IF(B3<C3, "🔴 Zu niedrig", IF(AND(B3>=C3, B3<(D3*0.85)), "🟡 Unter Ideal", IF(B3<=(D3*1.15), "🟢 Ideal", IF(OR(E3=0, B3<=E3), "🟠 Über Ideal", "🔴 Zu hoch")))) -> 🟡 Unter Ideal
A4: Rohprotein [g] | B4: 86.8664 | C4: 33 | D4: 66 | E4: 0 | F4: =IFERROR(B4/D4, 0) -> 1.3161576 | G4: =IF(B4<C4, "🔴 Zu niedrig", IF(AND(B4>=C4, B4<(D4*0.85)), "🟡 Unter Ideal", IF(B4<=(D4*1.15), "🟢 Ideal", IF(OR(E4=0, B4<=E4), "🟠 Über Ideal", "🔴 Zu hoch")))) -> 🟠 Über Ideal
A5: vRP | B5: 73.83644 | C5: 29.7 | D5: 59.4 | E5: 0 | F5: =IFERROR(B5/D5, 0) -> 1.2430377 | G5: =IF(B5<C5, "🔴 Zu niedrig", IF(AND(B5>=C5, B5<(D5*0.85)), "🟡 Unter Ideal", IF(B5<=(D5*1.15), "🟢 Ideal", IF(OR(E5=0, B5<=E5), "🟠 Über Ideal", "🔴 Zu hoch")))) -> 🟠 Über Ideal
A6: Rohfett [g] | B6: 28.2716 | C6: 27 | D6: 0 | E6: 0 | F6: =IFERROR(B6/D6, 0) -> 0 | G6: =IF(B6<C6, "🔴 Zu niedrig", IF(AND(B6>=C6, B6<(D6*0.85)), "🟡 Unter Ideal", IF(B6<=(D6*1.15), "🟢 Ideal", IF(OR(E6=0, B6<=E6), "🟠 Über Ideal", "🔴 Zu hoch")))) -> 🟠 Über Ideal
A7: NfE [g] | B7: 54.9424 | C7: 0 | D7: 0 | E7: 0 | F7: =IFERROR(B7/D7, 0) -> 0 | G7: =IF(B7<C7, "🔴 Zu niedrig", IF(AND(B7>=C7, B7<(D7*0.85)), "🟡 Unter Ideal", IF(B7<=(D7*1.15), "🟢 Ideal", IF(OR(E7=0, B7<=E7), "🟠 Über Ideal", "🔴 Zu hoch")))) -> 🟠 Über Ideal
A8: Rohfaser [g] | B8: 0.07 | C8: 0 | D8: 0 | E8: 0 | F8: =IFERROR(B8/D8, 0) -> 0 | G8: =IF(B8<C8, "🔴 Zu niedrig", IF(AND(B8>=C8, B8<(D8*0.85)), "🟡 Unter Ideal", IF(B8<=(D8*1.15), "🟢 Ideal", IF(OR(E8=0, B8<=E8), "🟠 Über Ideal", "🔴 Zu hoch")))) -> 🟠 Über Ideal
A9: Rohasche [g] | B9: 5.074 | C9: 0 | D9: 0 | E9: 0 | F9: =IFERROR(B9/D9, 0) -> 0 | G9: =IF(B9<C9, "🔴 Zu niedrig", IF(AND(B9>=C9, B9<(D9*0.85)), "🟡 Unter Ideal", IF(B9<=(D9*1.15), "🟢 Ideal", IF(OR(E9=0, B9<=E9), "🟠 Über Ideal", "🔴 Zu hoch")))) -> 🟠 Über Ideal
A10: Wasser [g] | B10: 440.7756 | C10: 0 | D10: 0 | E10: 0 | F10: =IFERROR(B10/D10, 0) -> 0 | G10: =IF(B10<C10, "🔴 Zu niedrig", IF(AND(B10>=C10, B10<(D10*0.85)), "🟡 Unter Ideal", IF(B10<=(D10*1.15), "🟢 Ideal", IF(OR(E10=0, B10<=E10), "🟠 Über Ideal", "🔴 Zu hoch")))) -> 🟠 Über Ideal
A11: TS [g] | B11: 175.2244 | C11: 0 | D11: 0 | E11: 0 | F11: =IFERROR(B11/D11, 0) -> 0 | G11: =IF(B11<C11, "🔴 Zu niedrig", IF(AND(B11>=C11, B11<(D11*0.85)), "🟡 Unter Ideal", IF(B11<=(D11*1.15), "🟢 Ideal", IF(OR(E11=0, B11<=E11), "🟠 Über Ideal", "🔴 Zu hoch")))) -> 🟠 Über Ideal
A12: Calcium [mg] | B12: 1893.1975 | C12: 1674 | D12: 2160 | E12: 0 | F12: =IFERROR(B12/D12, 0) -> 0.87648033 | G12: =IF(B12<C12, "🔴 Zu niedrig", IF(AND(B12>=C12, B12<(D12*0.85)), "🟡 Unter Ideal", IF(B12<=(D12*1.15), "🟢 Ideal", IF(OR(E12=0, B12<=E12), "🟠 Über Ideal", "🔴 Zu hoch")))) -> 🟢 Ideal
A13: Phosphor [mg] | B13: 1260.7501 | C13: 1242 | D13: 1620 | E13: 0 | F13: =IFERROR(B13/D13, 0) -> 0.77824081 | G13: =IF(B13<C13, "🔴 Zu niedrig", IF(AND(B13>=C13, B13<(D13*0.85)), "🟡 Unter Ideal", IF(B13<=(D13*1.15), "🟢 Ideal", IF(OR(E13=0, B13<=E13), "🟠 Über Ideal", "🔴 Zu hoch")))) -> 🟡 Unter Ideal
A14: Magnesium [mg] | B14: 257.13873 | C14: 270 | D14: 324 | E14: 0 | F14: =IFERROR(B14/D14, 0) -> 0.79363805 | G14: =IF(B14<C14, "🔴 Zu niedrig", IF(AND(B14>=C14, B14<(D14*0.85)), "🟡 Unter Ideal", IF(B14<=(D14*1.15), "🟢 Ideal", IF(OR(E14=0, B14<=E14), "🟠 Über Ideal", "🔴 Zu hoch")))) -> 🔴 Zu niedrig
... A50: Vitamin E IE | B50: 90.151705 | C50: 0 | D50: 20.149254 | E50: 443.28358 | F50: =IFERROR(B50/D50, 0) -> 4.4741957 | G50: =IF(B50<C50, "🔴 Zu niedrig", IF(AND(B50>=C50, B50<(D50*0.85)), "🟡 Unter Ideal", IF(B50<=(D50*1.15), "🟢 Ideal", IF(OR(E50=0, B50<=E50), "🟠 Über Ideal", "🔴 Zu hoch")))) -> 🟠 Über Ideal

Sheet Lebensmitteldaten
A1: 1 | B1: =A1+1 -> 2 | C1: =B1+1 -> 3 | D1: =C1+1 -> 4 | E1: =D1+1 -> 5 | F1: =E1+1 -> 6 | G1: =F1+1 -> 7 | H1: =G1+1 -> 8 | I1: =H1+1 -> 9 | ... AX1: =AW1+1 -> 50 | AY1: 51 | AZ1: 52
A2: Kategorie | B2: BLS Code | C2: Futtermittel | D2: Energie [kcal/100g] | E2: Energie [MJ/100g] | F2: Rohprotein [g/100g] | G2: vRP | H2: Rohfett [g/100g] | I2: NfE [g/100g] | J2: Rohfaser [g/100g] | K2: Rohasche [g/100g] | L2: Wasser [g/100g] | M2: TS | N2: Calcium [mg/100g] | O2: Phosphor [mg/100g] | P2: Magnesium [mg/100g] | Q2: Natrium [mg/100g] | R2: Kalium [mg/100g] | S2: Chlorid [mg] | T2: Eisen [mg/100g] | U2: Zink [mg/100g] | V2: Selen [µg/100g] | W2: Kupfer [µg/100g] | X2: Mangan [µg/100g] | Y2: Jod [µg/100g] | Z2: Schwefel [mg/100g] | AA2: Vitamin D3 [µg/100g] | AB2: Vitamin E [mg/100g] | AC2: Vitamin A [µg/100g] | AD2: Vitamin B1 [mg/100g] | AE2: Vitamin B2 [mg/100g] | AF2: Vit. B3/Niacin [mg/100g] | AG2: Vitamin B6 [µg/100g] | AH2: Vitamin B12 [µg/100g] | AI2: Vitamin C [mg/100g] | AJ2: Vitamin K [µg/100g] | AK2: Folsäure [µg/100g] | AL2: Biotin [µg/100g] | AM2: Lactose [g/100g] | AN2: Omega-3, gesamt [g/100g] | AO2: EPA [g/100g] | AP2: DHA [g/100g] | AQ2: Omega-6, gesamt [g/100g] | AR2: Linolsäure [g/100g] | AS2: Arginin [g/100g] | AT2: Cystein [g/100g] | AU2: Histidin [g/100g] | AV2: Lysin [g/100g] | AW2: Methionin [g/100g] | AX2: Vitamin D I.E. | AY2: Vitamin A IE | AZ2: Vitamin E IE
A3: Kohlenhydrate | B3: C335032 | C3: Amaranth gekocht | D3: 119 | E3: =Tabelle1[[#This Row],[Energie '[kcal/100g']]]/239 -> 0.49790795 | F3: 4.48 | G3: =Tabelle1[[#This Row],[Rohprotein '[g/100g']]]*0.85 -> 3.808 | H3: 1.79 | I3: =Tabelle1[[#This Row],[TS]]-Tabelle1[[#This Row],[Rohprotein '[g/100g']]]-Tabelle1[[#This Row],[Rohfett '[g/100g']]]-Tabelle1[[#This Row],[Rohasche '[g/100g']]]-Tabelle1[[#This Row],[Rohfaser '[g/100g']]] -> 19.65 | J3: 0 | K3: 0.48 | L3: 73.6 | M3: =100-Tabelle1[[#This Row],[Wasser '[g/100g']]] -> 26.4 | N3: 54.6 | O3: 172.9 | P3: 81 | Q3: 0 | R3: 142 | T3: 1.96 | U3: 1.24 | V3: 0 | W3: 172 | X3: 1200 | Y3: 0.8 | AA3: 0 | AB3: 0.312 | AC3: 0 | AD3: 0.023149 | AE3: 0.02392 | AF3: 0.13 | AG3: 33 | AH3: 0 | AI3: 0 | AJ3: 0 | AK3: 21.3 | AL3: 0.57 | AM3: 0 | AN3: 0.015 | AO3: 0 | AP3: 0 | AQ3: 0.78 | AR3: 0.78 | AS3: 0.4 | AT3: 0.11 | AU3: 0.12 | AV3: 0.27 | AW3: 0.11 | AX3: =Tabelle1[[#This Row],[Vitamin D3 '[µg/100g']]]*40 -> 0 | AY3: =Tabelle1[[#This Row],[Vitamin A '[µg/100g']]]*3.33 -> 0 | AZ3: =Tabelle1[[#This Row],[Vitamin E '[mg/100g']]]*1.49 -> 0.46488
A4: Kohlenhydrate | B4: C530100 | C4: Amaranth gepufft, ungesüßt | D4: 393 | E4: =Tabelle1[[#This Row],[Energie '[kcal/100g']]]/239 -> 1.6443515 | F4: 13.24 | G4: =Tabelle1[[#This Row],[Rohprotein '[g/100g']]]*0.85 -> 11.254 | H4: 5.9 | I4: =Tabelle1[[#This Row],[TS]]-Tabelle1[[#This Row],[Rohprotein '[g/100g']]]-Tabelle1[[#This Row],[Rohfett '[g/100g']]]-Tabelle1[[#This Row],[Rohasche '[g/100g']]]-Tabelle1[[#This Row],[Rohfaser '[g/100g']]] -> 71.42 | J4: 0 | K4: 2.04 | L4: 7.4 | M4: =100-Tabelle1[[#This Row],[Wasser '[g/100g']]] -> 92.6 | N4: 162 | O4: 390.5 | P4: 208.2 | Q4: 1.1 | R4: 399.5 | T4: 6.0921 | U4: 3.0519 | V4: 0 | W4: 464.3 | X4: 2312 | Y4: 1.6 | AA4: 0 | AB4: 0.75 | AC4: 0 | AD4: 0 | AE4: 0.09376 | AF4: 0.55 | AG4: 139 | AH4: 0 | AI4: 0 | AJ4: 0.174 | AK4: 51.2 | AL4: 2.95 | AM4: 0 | AN4: 0.052 | AO4: 0 | AP4: 0 | AQ4: 2.56 | AR4: 2.56 | AS4: 1.05 | AT4: 0.25 | AU4: 0.34 | AV4: 0.72 | AW4: 0.29 | AX4: =Tabelle1[[#This Row],[Vitamin D3 '[µg/100g']]]*40 -> 0 | AY4: =Tabelle1[[#This Row],[Vitamin A '[µg/100g']]]*3.33 -> 0 | AZ4: =Tabelle1[[#This Row],[Vitamin E '[mg/100g']]]*1.49 -> 1.1175
A5: Kohlenhydrate | B5: C335000 | C5: Amaranth roh | D5: 377 | E5: =Tabelle1[[#This Row],[Energie '[kcal/100g']]]/239 -> 1.5774059 | F5: 14.04 | G5: =Tabelle1[[#This Row],[Rohprotein '[g/100g']]]*0.85 -> 11.934 | H5: 5.93 | I5: =Tabelle1[[#This Row],[TS]]-Tabelle1[[#This Row],[Rohprotein '[g/100g']]]-Tabelle1[[#This Row],[Rohfett '[g/100g']]]-Tabelle1[[#This Row],[Rohasche '[g/100g']]]-Tabelle1[[#This Row],[Rohfaser '[g/100g']]] -> 67.77 | J5: 0 | K5: 2.06 | L5: 10.2 | M5: =100-Tabelle1[[#This Row],[Wasser '[g/100g']]] -> 89.8 | N5: 170.9 | O5: 433.2 | P5: 234.9 | Q5: 0.7 | R5: 413.6 | T5: 7.0808 | U5: 2.7458 | V5: 0 | W5: 508.8 | X5: 2598.8 | Y5: 2.5 | AA5: 0 | AB5: 0.93 | AC5: 0 | AD5: 0.106128 | AE5: 0.10183 | AF5: 0.48 | AG5: 139 | AH5: 0 | AI5: 0 | AJ5: 0 | AK5: 90.6 | AL5: 2.25 | AM5: 0 | AN5: 0.051 | AO5: 0 | AP5: 0 | AQ5: 2.58 | AR5: 2.58 | AS5: 1.26 | AT5: 0.36 | AU5: 0.38 | AV5: 0.86 | AW5: 0.34 | AX5: =Tabelle1[[#This Row],[Vitamin D3 '[µg/100g']]]*40 -> 0 | AY5: =Tabelle1[[#This Row],[Vitamin A '[µg/100g']]]*3.33 -> 0 | AZ5: =Tabelle1[[#This Row],[Vitamin E '[mg/100g']]]*1.49 -> 1.3857
A6: Fette | C6: Anchovisöl Kochen für Hunde | D6: 841.5 | E6: =Tabelle1[[#This Row],[Energie '[kcal/100g']]]/239 -> 3.5209205 | F6: 0 | G6: =Tabelle1[[#This Row],[Rohprotein '[g/100g']]]*0.85 -> 0 | H6: 99 | I6: =Tabelle1[[#This Row],[TS]]-Tabelle1[[#This Row],[Rohprotein '[g/100g']]]-Tabelle1[[#This Row],[Rohfett '[g/100g']]]-Tabelle1[[#This Row],[Rohasche '[g/100g']]]-Tabelle1[[#This Row],[Rohfaser '[g/100g']]] -> 1 | J6: 0 | K6: 0 | L6: 0 | M6: =100-Tabelle1[[#This Row],[Wasser '[g/100g']]] -> 100 | N6: 0 | O6: 0 | P6: 0 | Q6: 0 | R6: 0 | T6: 0 | U6: 0 | V6: 0 | W6: 0 | X6: 0 | Y6: 0 | AA6: 0 | AB6: 725 | AC6: 0 | AD6: 0 | AE6: 0 | AF6: 0 | AG6: 0 | AH6: 0 | AI6: 0 | AJ6: 0 | AK6: 0 | AL6: 0 | AM6: 0 | AN6: 0 | AO6: 18.5 | AP6: 13.8 | AQ6: 0 | AR6: 1.7 | AS6: 0 | AT6: 0 | AU6: 0 | AV6: 0 | AW6: 0 | AX6: =Tabelle1[[#This Row],[Vitamin D3 '[µg/100g']]]*40 -> 0 | AY6: =Tabelle1[[#This Row],[Vitamin A '[µg/100g']]]*3.33 -> 0 | AZ6: =Tabelle1[[#This Row],[Vitamin E '[mg/100g']]]*1.49 -> 1080.25
A7: Obst | B7: F110152 | C7: Apfel gedünstet | D7: 60 | E7: =Tabelle1[[#This Row],[Energie '[kcal/100g']]]/239 -> 0.25104603 | F7: 0.437 | G7: =Tabelle1[[#This Row],[Rohprotein '[g/100g']]]*0.85 -> 0.37145 | H7: 0.515 | I7: =Tabelle1[[#This Row],[TS]]-Tabelle1[[#This Row],[Rohprotein '[g/100g']]]-Tabelle1[[#This Row],[Rohfett '[g/100g']]]-Tabelle1[[#This Row],[Rohasche '[g/100g']]]-Tabelle1[[#This Row],[Rohfaser '[g/100g']]] -> 15.699 | J7: 0 | K7: 0.249 | L7: 83.1 | M7: =100-Tabelle1[[#This Row],[Wasser '[g/100g']]] -> 16.9 | N7: 5 | O7: 10.86 | P7: 5 | Q7: 1 | R7: 109 | T7: 0.1 | U7: 0.03 | V7: 0 | W7: 34 | X7: 50 | Y7: 2 | AA7: 0 | AB7: 0.177 | AC7: 4 | AD7: 0.009 | AE7: 0.036 | AF7: 0.088 | AG7: 51.67 | AH7: 0 | AI7: 7.541 | AJ7: 5 | AK7: 2 | AL7: 1 | AM7: 0 | AN7: 0.045 | AO7: 0 | AP7: 0 | AQ7: 0.2067 | AR7: 0.2067 | AS7: 0.008 | AT7: 0.001 | AU7: 0.006 | AV7: 0.015 | AW7: 0.003 | AX7: =Tabelle1[[#This Row],[Vitamin D3 '[µg/100g']]]*40 -> 0 | AY7: =Tabelle1[[#This Row],[Vitamin A '[µg/100g']]]*3.33 -> 13.32 | AZ7: =Tabelle1[[#This Row],[Vitamin E '[mg/100g']]]*1.49 -> 0.26373
A8: Obst | B8: F120400 | C8: Apfel geschält, getrocknet | D8: 242 | E8: =Tabelle1[[#This Row],[Energie '[kcal/100g']]]/239 -> 1.0125523 | F8: 1.29 | G8: =Tabelle1[[#This Row],[Rohprotein '[g/100g']]]*0.85 -> 1.0965 | H8: 0 | I8: =Tabelle1[[#This Row],[TS]]-Tabelle1[[#This Row],[Rohprotein '[g/100g']]]-Tabelle1[[#This Row],[Rohfett '[g/100g']]]-Tabelle1[[#This Row],[Rohasche '[g/100g']]]-Tabelle1[[#This Row],[Rohfaser '[g/100g']]] -> 65.16 | J8: 0 | K8: 1.35 | L8: 32.2 | M8: =100-Tabelle1[[#This Row],[Wasser '[g/100g']]] -> 67.8 | N8: 18 | O8: 40.2 | P8: 17.7 | Q8: 80.8 | R8: 554.5 | T8: 0.505 | U8: 0.09 | V8: 0 | W8: 225 | X8: 120 | Y8: 8 | AA8: 0 | AB8: 0.71 | AC8: 7 | AD8: 0.03 | AE8: 0.08 | AF8: 0.26 | AG8: 105 | AH8: 0 | AI8: 8 | AJ8: 3 | AK8: 4.4 | AL8: 1.45 | AM8: 0 | AN8: 0 | AO8: 0 | AP8: 0 | AQ8: 0 | AR8: 0 | AS8: 0.03 | AT8: 0 | AU8: 0.02 | AV8: 0.06 | AW8: 0 | AX8: =Tabelle1[[#This Row],[Vitamin D3 '[µg/100g']]]*40 -> 0 | AY8: =Tabelle1[[#This Row],[Vitamin A '[µg/100g']]]*3.33 -> 23.31 | AZ8: =Tabelle1[[#This Row],[Vitamin E '[mg/100g']]]*1.49 -> 1.0579
A9: Obst | B9: F120100 | C9: Apfel geschält, roh | D9: 43 | E9: =Tabelle1[[#This Row],[Energie '[kcal/100g']]]/239 -> 0.17991632 | F9: 0.3 | G9: =Tabelle1[[#This Row],[Rohprotein '[g/100g']]]*0.85 -> 0.255 | H9: 0.13 | I9: =Tabelle1[[#This Row],[TS]]-Tabelle1[[#This Row],[Rohprotein '[g/100g']]]-Tabelle1[[#This Row],[Rohfett '[g/100g']]]-Tabelle1[[#This Row],[Rohasche '[g/100g']]]-Tabelle1[[#This Row],[Rohfaser '[g/100g']]] -> 16.93 | J9: 0 | K9: 0.17 | L9: 82.47 | M9: =100-Tabelle1[[#This Row],[Wasser '[g/100g']]] -> 17.53 | N9: 5 | O9: 9 | P9: 6 | Q9: 1 | R9: 110 | T9: 0.12 | U9: 0.01 | V9: 0 | W9: 30 | X9: 20 | Y9: 4 | AA9: 0 | AB9: 0.115 | AC9: 5 | AD9: 0.011 | AE9: 0.009 | AF9: 0.1 | AG9: 43 | AH9: 0 | AI9: 9 | AJ9: 0.6 | AK9: 2 | AL9: 1.2 | AM9: 0 | AN9: 0 | AO9: 0 | AP9: 0 | AQ9: 0 | AR9: 0 | AS9: 0.006 | AT9: 0.001 | AU9: 0.005 | AV9: 0.013 | AW9: 0.001 | AX9: =Tabelle1[[#This Row],[Vitamin D3 '[µg/100g']]]*40 -> 0 | AY9: =Tabelle1[[#This Row],[Vitamin A '[µg/100g']]]*3.33 -> 16.65 | AZ9: =Tabelle1[[#This Row],[Vitamin E '[mg/100g']]]*1.49 -> 0.17135
A10: Obst | B10: F110400 | C10: Apfel getrocknet | D10: 242 | E10: =Tabelle1[[#This Row],[Energie '[kcal/100g']]]/239 -> 1.0125523 | F10: 1.29 | G10: =Tabelle1[[#This Row],[Rohprotein '[g/100g']]]*0.85 -> 1.0965 | H10: 0 | I10: =Tabelle1[[#This Row],[TS]]-Tabelle1[[#This Row],[Rohprotein '[g/100g']]]-Tabelle1[[#This Row],[Rohfett '[g/100g']]]-Tabelle1[[#This Row],[Rohasche '[g/100g']]]-Tabelle1[[#This Row],[Rohfaser '[g/100g']]] -> 65.16 | J10: 0 | K10: 1.35 | L10: 32.2 | M10: =100-Tabelle1[[#This Row],[Wasser '[g/100g']]] -> 67.8 | N10: 18 | O10: 40.2 | P10: 17.7 | Q10: 80.8 | R10: 554.5 | T10: 0.505 | U10: 0.09 | V10: 0 | W10: 225 | X10: 120 | Y10: 0 | AA10: 0 | AB10: 0.71 | AC10: 7 | AD10: 0.03 | AE10: 0.08 | AF10: 0.26 | AG10: 105 | AH10: 0 | AI10: 8 | AJ10: 3 | AK10: 4.4 | AL10: 1.45 | AM10: 0 | AN10: 0 | AO10: 0 | AP10: 0 | AQ10: 0 | AR10: 0 | AS10: 0.038 | AT10: 0.025 | AU10: 0.016 | AV10: 0.044 | AW10: 0.014 | AX10: =Tabelle1[[#This Row],[Vitamin D3 '[µg/100g']]]*40 -> 0 | AY10: =Tabelle1[[#This Row],[Vitamin A '[µg/100g']]]*3.33 -> 23.31 | AZ10: =Tabelle1[[#This Row],[Vitamin E '[mg/100g']]]*1.49 -> 1.0579
A11: Obst | B11: F110100 | C11: Apfel roh | D11: 58 | E11: =Tabelle1[[#This Row],[Energie '[kcal/100g']]]/239 -> 0.24267782 | F11: 0.424 | G11: =Tabelle1[[#This Row],[Rohprotein '[g/100g']]]*0.85 -> 0.3604 | H11: 0.5 | I11: =Tabelle1[[#This Row],[TS]]-Tabelle1[[#This Row],[Rohprotein '[g/100g']]]-Tabelle1[[#This Row],[Rohfett '[g/100g']]]-Tabelle1[[#This Row],[Rohasche '[g/100g']]]-Tabelle1[[#This Row],[Rohfaser '[g/100g']]] -> 15.28 | J11: 0 | K11: 0.242 | L11: 83.554 | M11: =100-Tabelle1[[#This Row],[Wasser '[g/100g']]] -> 16.446 | N11: 5 | O11: 10.53 | P11: 5 | Q11: 1 | R11: 111 | T11: 0.1 | U11: 0.03 | V11: 0 | W11: 35 | X11: 50 | Y11: 2 | AA11: 0 | AB11: 0.172 | AC11: 4 | AD11: 0.011 | AE11: 0.04 | AF11: 0.1 | AG11: 57.61 | AH11: 0 | AI11: 10.16 | AJ11: 5 | AK11: 5 | AL11: 1.1 | AM11: 0 | AN11: 0.044 | AO11: 0 | AP11: 0 | AQ11: 0.2005 | AR11: 0.2005 | AS11: 0.008 | AT11: 0.001 | AU11: 0.006 | AV11: 0.015 | AW11: 0.003 | AX11: =Tabelle1[[#This Row],[Vitamin D3 '[µg/100g']]]*40 -> 0 | AY11: =Tabelle1[[#This Row],[Vitamin A '[µg/100g']]]*3.33 -> 13.32 | AZ11: =Tabelle1[[#This Row],[Vitamin E '[mg/100g']]]*1.49 -> 0.25628
A12: Obst | B12: F923900 | C12: Apfelkompott/Apfelmark, ungesüßt, Konserve | D12: 63 | E12: =Tabelle1[[#This Row],[Energie '[kcal/100g']]]/239 -> 0.26359833 | F12: 0.4 | G12: =Tabelle1[[#This Row],[Rohprotein '[g/100g']]]*0.85 -> 0.34 | H12: 0.27 | I12: =Tabelle1[[#This Row],[TS]]-Tabelle1[[#This Row],[Rohprotein '[g/100g']]]-Tabelle1[[#This Row],[Rohfett '[g/100g']]]-Tabelle1[[#This Row],[Rohasche '[g/100g']]]-Tabelle1[[#This Row],[Rohfaser '[g/100g']]] -> 11.8 | J12: 0 | K12: 0.23 | L12: 87.3 | M12: =100-Tabelle1[[#This Row],[Wasser '[g/100g']]] -> 12.7 | N12: 4 | O12: 8.6 | P12: 3.7 | Q12: 0.4 | R12: 105.5 | T12: 0.1 | U12: 0.02 | V12: 0 | W12: 38 | X12: 35.5 | Y12: 1.7 | AA12: 0 | AB12: 0.37 | AC12: 6 | AD12: 0 | AE12: 0 | AF12: 0 | AG12: 0 | AH12: 0 | AI12: 2.4 | AJ12: 0.6 | AK12: 1.7 | AL12: 0.76 | AM12: 0 | AN12: 0.0015 | AO12: 0 | AP12: 0 | AQ12: 0.022 | AR12: 0.022 | AS12: 0 | AT12: 0 | AU12: 0 | AV12: 0 | AW12: 0 | AX12: =Tabelle1[[#This Row],[Vitamin D3 '[µg/100g']]]*40 -> 0 | AY12: =Tabelle1[[#This Row],[Vitamin A '[µg/100g']]]*3.33 -> 19.98 | AZ12: =Tabelle1[[#This Row],[Vitamin E '[mg/100g']]]*1.49 -> 0.5513
A13: Obst | B13: F503400 | C13: Banane getrocknet | D13: 290 | E13: =Tabelle1[[#This Row],[Energie '[kcal/100g']]]/239 -> 1.2133891 | F13: 4.89 | G13: =Tabelle1[[#This Row],[Rohprotein '[g/100g']]]*0.85 -> 4.1565 | H13: 1.5 | I13: =Tabelle1[[#This Row],[TS]]-Tabelle1[[#This Row],[Rohprotein '[g/100g']]]-Tabelle1[[#This Row],[Rohfett '[g/100g']]]-Tabelle1[[#This Row],[Rohasche '[g/100g']]]-Tabelle1[[#This Row],[Rohfaser '[g/100g']]] -> 72.544 | J13: 0 | K13: 3.466 | L13: 17.6 | M13: =100-Tabelle1[[#This Row],[Wasser '[g/100g']]] -> 82.4 | N13: 22 | O13: 82 | P13: 104 | Q13: 1.93 | R13: 1238 | T13: 1.5 | U13: 0.67 | V13: 0 | W13: 386 | X13: 1710 | Y13: 11 | AA13: 0 | AB13: 2.465 | AC13: 19 | AD13: 0.348 | AE13: 0.133 | AF13: 2.336 | AG13: 851.24 | AH13: 0 | AI13: 8.156 | AJ13: 1.1 | AK13: 26 | AL13: 8.3 | AM13: 0 | AN13: 0.19114 | AO13: 0 | AP13: 0.00871 | AQ13: 0.14473 | AR13: 0.1421 | AS13: 0.174 | AT13: 0.006 | AU13: 0.248 | AV13: 0.183 | AW13: 0.029 | AX13: =Tabelle1[[#This Row],[Vitamin D3 '[µg/100g']]]*40 -> 0 | AY13: =Tabelle1[[#This Row],[Vitamin A '[µg/100g']]]*3.33 -> 63.27 | AZ13: =Tabelle1[[#This Row],[Vitamin E '[mg/100g']]]*1.49 -> 3.67285
A14: Obst | B14: F503100 | C14: Banane roh | D14: 79 | E14: =Tabelle1[[#This Row],[Energie '[kcal/100g']]]/239 -> 0.33054393 | F14: 1.319 | G14: =Tabelle1[[#This Row],[Rohprotein '[g/100g']]]*0.85 -> 1.12115 | H14: 0.4 | I14: =Tabelle1[[#This Row],[TS]]-Tabelle1[[#This Row],[Rohprotein '[g/100g']]]-Tabelle1[[#This Row],[Rohfett '[g/100g']]]-Tabelle1[[#This Row],[Rohasche '[g/100g']]]-Tabelle1[[#This Row],[Rohfaser '[g/100g']]] -> 22.946 | J14: 0 | K14: 0.935 | L14: 74.4 | M14: =100-Tabelle1[[#This Row],[Wasser '[g/100g']]] -> 25.6 | N14: 6 | O14: 22 | P14: 28 | Q14: 0.52 | R14: 334 | T14: 0.4 | U14: 0.18 | V14: 0 | W14: 104 | X14: 460 | Y14: 3 | AA14: 0 | AB14: 0.665 | AC14: 8 | AD14: 0.134 | AE14: 0.04 | AF14: 0.7 | AG14: 255.13 | AH14: 0 | AI14: 11 | AJ14: 0.3 | AK14: 14 | AL14: 2.5 | AM14: 0 | AN14: 0.05156 | AO14: 0 | AP14: 0.00235 | AQ14: 0.03904 | AR14: 0.03833 | AS14: 0.054 | AT14: 0.002 | AU14: 0.077 | AV14: 0.057 | AW14: 0.009 | AX14: =Tabelle1[[#This Row],[Vitamin D3 '[µg/100g']]]*40 -> 0 | AY14: =Tabelle1[[#This Row],[Vitamin A '[µg/100g']]]*3.33 -> 26.64 | AZ14: =Tabelle1[[#This Row],[Vitamin E '[mg/100g']]]*1.49 -> 0.99085
A15: Fette | C15: BARF Kultur Algenöl | D15: 900 | E15: 3.77 | F15: 0 | G15: 0 | H15: 100 | I15: 0 | J15: 0 | K15: 0 | L15: 0 | M15: 100 | N15: 0 | O15: 0 | P15: 0 | Q15: 0 | R15: 0 | S15: 0 | T15: 0 | U15: 0 | V15: 0 | W15: 0 | X15: 0 | Y15: 0 | Z15: 0 | AA15: 0 | AB15: 500 | AC15: 0 | AD15: 0 | AE15: 0 | AF15: 0 | AG15: 0 | AH15: 0 | AI15: 0 | AJ15: 0 | AK15: 0 | AL15: 0 | AM15: 0 | AN15: 61.7 | AO15: 19.9 | AP15: 41.8 | AQ15: 0 | AR15: 0 | AS15: 0 | AT15: 0 | AU15: 0 | AV15: 0 | AW15: 0 | AX15: 0 | AY15: 0 | AZ15: 0
A16: Kohlenhydrate | B16: K420162 | C16: Batate/Süßkartoffel, gebacken | D16: 152 | E16: =Tabelle1[[#This Row],[Energie '[kcal/100g']]]/239 -> 0.63598326 | F16: 2.09 | G16: =Tabelle1[[#This Row],[Rohprotein '[g/100g']]]*0.85 -> 1.7765 | H16: 0.769 | I16: =Tabelle1[[#This Row],[TS]]-Tabelle1[[#This Row],[Rohprotein '[g/100g']]]-Tabelle1[[#This Row],[Rohfett '[g/100g']]]-Tabelle1[[#This Row],[Rohasche '[g/100g']]]-Tabelle1[[#This Row],[Rohfaser '[g/100g']]] -> 35.505 | J16: 0 | K16: 1.436 | L16: 60.2 | M16: =100-Tabelle1[[#This Row],[Wasser '[g/100g']]] -> 39.8 | N16: 28.755 | O16: 50.3 | P16: 23.5 | Q16: 5 | R16: 462 | T16: 0.851 | U16: 0.295 | V16: 0 | W16: 167 | X16: 308 | Y16: 2.9 | AA16: 0 | AB16: 0.33 | AC16: 1517 | AD16: 0.066 | AE16: 0.061 | AF16: 0.731 | AG16: 329 | AH16: 0 | AI16: 30.769 | AJ16: 2.3 | AK16: 48 | AL16: 5 | AM16: 0 | AN16: 0 | AO16: 0 | AP16: 0 | AQ16: 0 | AR16: 0 | AS16: 0.083 | AT16: 0.032 | AU16: 0.037 | AV16: 0.085 | AW16: 0.036 | AX16: =Tabelle1[[#This Row],[Vitamin D3 '[µg/100g']]]*40 -> 0 | AY16: =Tabelle1[[#This Row],[Vitamin A '[µg/100g']]]*3.33 -> 5051.61 | AZ16: =Tabelle1[[#This Row],[Vitamin E '[mg/100g']]]*1.49 -> 0.4917
A17: Kohlenhydrate | B17: K420182 | C17: Batate/Süßkartoffel, gebraten ohne Fett (Pfanne) | D17: 135 | E17: =Tabelle1[[#This Row],[Energie '[kcal/100g']]]/239 -> 0.56485356 | F17: 1.852 | G17: =Tabelle1[[#This Row],[Rohprotein '[g/100g']]]*0.85 -> 1.5742 | H17: 0.682 | I17: =Tabelle1[[#This Row],[TS]]-Tabelle1[[#This Row],[Rohprotein '[g/100g']]]-Tabelle1[[#This Row],[Rohfett '[g/100g']]]-Tabelle1[[#This Row],[Rohasche '[g/100g']]]-Tabelle1[[#This Row],[Rohfaser '[g/100g']]] -> 31.293 | J17: 0 | K17: 1.273 | L17: 64.9 | M17: =100-Tabelle1[[#This Row],[Wasser '[g/100g']]] -> 35.1 | N17: 25.488 | O17: 44.5 | P17: 20.8 | Q17: 5 | R17: 409 | T17: 0.755 | U17: 0.261 | V17: 0 | W17: 148 | X17: 273 | Y17: 2.6 | AA17: 0 | AB17: 0.3 | AC17: 1195 | AD17: 0.058 | AE17: 0.054 | AF17: 0.648 | AG17: 291 | AH17: 0 | AI17: 27.273 | AJ17: 2 | AK17: 43 | AL17: 4 | AM17: 0 | AN17: 0 | AO17: 0 | AP17: 0 | AQ17: 0 | AR17: 0 | AS17: 0.074 | AT17: 0.028 | AU17: 0.033 | AV17: 0.075 | AW17: 0.032 | AX17: =Tabelle1[[#This Row],[Vitamin D3 '[µg/100g']]]*40 -> 0 | AY17: =Tabelle1[[#This Row],[Vitamin A '[µg/100g']]]*3.33 -> 3979.35 | AZ17: =Tabelle1[[#This Row],[Vitamin E '[mg/100g']]]*1.49 -> 0.447
A18: Kohlenhydrate | B18: K420132 | C18: Batate/Süßkartoffel, gekocht | D18: 65 | E18: =Tabelle1[[#This Row],[Energie '[kcal/100g']]]/239 -> 0.27196653 | F18: 1.7 | G18: =Tabelle1[[#This Row],[Rohprotein '[g/100g']]]*0.85 -> 1.445 | H18: 0.2 | I18: =Tabelle1[[#This Row],[TS]]-Tabelle1[[#This Row],[Rohprotein '[g/100g']]]-Tabelle1[[#This Row],[Rohfett '[g/100g']]]-Tabelle1[[#This Row],[Rohasche '[g/100g']]]-Tabelle1[[#This Row],[Rohfaser '[g/100g']]] -> 16.3 | J18: 0 | K18: 0.6 | L18: 81.2 | M18: =100-Tabelle1[[#This Row],[Wasser '[g/100g']]] -> 18.8 | N18: 21.097 | O18: 36.9 | P18: 17.2 | Q18: 4 | R18: 321 | T18: 0.625 | U18: 0.216 | V18: 0 | W18: 122 | X18: 219 | Y18: 2 | AA18: 0 | AB18: 0.26 | AC18: 0 | AD18: 0.051 | AE18: 0.047 | AF18: 0.564 | AG18: 254 | AH18: 0 | AI18: 22.277 | AJ18: 1.8 | AK18: 92.8 | AL18: 3 | AM18: 0 | AN18: 0 | AO18: 0 | AP18: 0 | AQ18: 0 | AR18: 0 | AS18: 0.063 | AT18: 0.024 | AU18: 0.028 | AV18: 0.064 | AW18: 0.027 | AX18: =Tabelle1[[#This Row],[Vitamin D3 '[µg/100g']]]*40 -> 0 | AY18: =Tabelle1[[#This Row],[Vitamin A '[µg/100g']]]*3.33 -> 0 | AZ18: =Tabelle1[[#This Row],[Vitamin E '[mg/100g']]]*1.49 -> 0.3874
A19: Kohlenhydrate | B19: K420100 | C19: Batate/Süßkartoffel, roh | D19: 119 | E19: =Tabelle1[[#This Row],[Energie '[kcal/100g']]]/239 -> 0.49790795 | F19: 1.63 | G19: =Tabelle1[[#This Row],[Rohprotein '[g/100g']]]*0.85 -> 1.3855 | H19: 0.6 | I19: =Tabelle1[[#This Row],[TS]]-Tabelle1[[#This Row],[Rohprotein '[g/100g']]]-Tabelle1[[#This Row],[Rohfett '[g/100g']]]-Tabelle1[[#This Row],[Rohasche '[g/100g']]]-Tabelle1[[#This Row],[Rohfaser '[g/100g']]] -> 27.45 | J19: 0 | K19: 1.12 | L19: 69.2 | M19: =100-Tabelle1[[#This Row],[Wasser '[g/100g']]] -> 30.8 | N19: 22.429 | O19: 39.2 | P19: 18.3 | Q19: 4 | R19: 360 | T19: 0.664 | U19: 0.23 | V19: 0 | W19: 130 | X19: 240 | Y19: 2.4 | AA19: 0 | AB19: 0.26 | AC19: 1315 | AD19: 0.064 | AE19: 0.05 | AF19: 0.6 | AG19: 270 | AH19: 0 | AI19: 30 | AJ19: 1.8 | AK19: 50 | AL19: 4 | AM19: 0 | AN19: 0 | AO19: 0 | AP19: 0 | AQ19: 0 | AR19: 0 | AS19: 0.065 | AT19: 0.025 | AU19: 0.029 | AV19: 0.066 | AW19: 0.028 | AX19: =Tabelle1[[#This Row],[Vitamin D3 '[µg/100g']]]*40 -> 0 | AY19: =Tabelle1[[#This Row],[Vitamin A '[µg/100g']]]*3.33 -> 4378.95 | AZ19: =Tabelle1[[#This Row],[Vitamin E '[mg/100g']]]*1.49 -> 0.3874
A20: Milchprodukte | B20: M302600 | C20: Bergkäse mind. 45 % Fett i. Tr. | D20: 395 | E20: =Tabelle1[[#This Row],[Energie '[kcal/100g']]]/239 -> 1.6527197 | F20: 28.9 | G20: =Tabelle1[[#This Row],[Rohprotein '[g/100g']]]*0.85 -> 24.565 | H20: 30.805 | I20: =Tabelle1[[#This Row],[TS]]-Tabelle1[[#This Row],[Rohprotein '[g/100g']]]-Tabelle1[[#This Row],[Rohfett '[g/100g']]]-Tabelle1[[#This Row],[Rohasche '[g/100g']]]-Tabelle1[[#This Row],[Rohfaser '[g/100g']]] -> -1.145 | J20: 0 | K20: 3.44 | L20: 38 | M20: =100-Tabelle1[[#This Row],[Wasser '[g/100g']]] -> 62 | N20: 1100 | O20: 700 | P20: 43 | Q20: 300 | R20: 100 | T20: 0.3 | U20: 5.1 | V20: 0 | W20: 400 | X20: 40 | Y20: 25 | AA20: 0.6 | AB20: 0.67 | AC20: 360 | AD20: 0.04 | AE20: 0.32 | AF20: 0.1 | AG20: 110 | AH20: 2.7 | AI20: 0.875 | AJ20: 20 | AK20: 20 | AL20: 3 | AM20: 0 | AN20: 0.237 | AO20: 0 | AP20: 0 | AQ20: 0.5107 | AR20: 0.5107 | AS20: 1.168 | AT20: 0.118 | AU20: 0.997 | AV20: 2.592 | AW20: 0.899 | AX20: =Tabelle1[[#This Row],[Vitamin D3 '[µg/100g']]]*40 -> 24 | AY20: =Tabelle1[[#This Row],[Vitamin A '[µg/100g']]]*3.33 -> 1198.8 | AZ20: =Tabelle1[[#This Row],[Vitamin E '[mg/100g']]]*1.49 -> 0.9983
A21: Milchprodukte | B21: M302700 | C21: Bergkäse mind. 50 % Fett i. Tr. | D21: 423 | E21: =Tabelle1[[#This Row],[Energie '[kcal/100g']]]/239 -> 1.7698745 | F21: 26.9 | G21: =Tabelle1[[#This Row],[Rohprotein '[g/100g']]]*0.85 -> 22.865 | H21: 34.8 | I21: =Tabelle1[[#This Row],[TS]]-Tabelle1[[#This Row],[Rohprotein '[g/100g']]]-Tabelle1[[#This Row],[Rohfett '[g/100g']]]-Tabelle1[[#This Row],[Rohasche '[g/100g']]]-Tabelle1[[#This Row],[Rohfaser '[g/100g']]] -> -1.8 | J21: 0 | K21: 3.1 | L21: 37 | M21: =100-Tabelle1[[#This Row],[Wasser '[g/100g']]] -> 63 | N21: 996 | O21: 666 | P21: 42 | Q21: 395 | R21: 103 | T21: 0.4 | U21: 4.32 | V21: 0 | W21: 400 | X21: 40 | Y21: 32 | AA21: 0.7 | AB21: 0.9 | AC21: 357 | AD21: 0.04 | AE21: 0.34 | AF21: 0.1 | AG21: 110 | AH21: 2.6 | AI21: 0.875 | AJ21: 20 | AK21: 12 | AL21: 3 | AM21: 0 | AN21: 0.12 | AO21: 0 | AP21: 0 | AQ21: 1.3 | AR21: 1.3 | AS21: 1.1 | AT21: 0.1 | AU21: 0.9 | AV21: 2.3 | AW21: 0.8 | AX21: =Tabelle1[[#This Row],[Vitamin D3 '[µg/100g']]]*40 -> 28 | AY21: =Tabelle1[[#This Row],[Vitamin A '[µg/100g']]]*3.33 -> 1188.81 | AZ21: =Tabelle1[[#This Row],[Vitamin E '[mg/100g']]]*1.49 -> 1.341
A22: Obst | B22: F130152 | C22: Birne gedünstet | D22: 60 | E22: =Tabelle1[[#This Row],[Energie '[kcal/100g']]]/239 -> 0.25104603 | F22: 0.309 | G22: =Tabelle1[[#This Row],[Rohprotein '[g/100g']]]*0.85 -> 0.26265 | H22: 0.299 | I22: =Tabelle1[[#This Row],[TS]]-Tabelle1[[#This Row],[Rohprotein '[g/100g']]]-Tabelle1[[#This Row],[Rohfett '[g/100g']]]-Tabelle1[[#This Row],[Rohasche '[g/100g']]]-Tabelle1[[#This Row],[Rohfaser '[g/100g']]] -> 15.988 | J22: 0 | K22: 0.304 | L22: 83.1 | M22: =100-Tabelle1[[#This Row],[Wasser '[g/100g']]] -> 16.9 | N22: 8 | O22: 11 | P22: 6 | Q22: 0.802 | R22: 121 | T22: 0.1 | U22: 0.11 | V22: 0 | W22: 77 | X22: 50 | Y22: 1 | AA22: 0 | AB22: 0.216 | AC22: 2 | AD22: 0.019 | AE22: 0.036 | AF22: 0.175 | AG22: 29.53 | AH22: 0 | AI22: 3.414 | AJ22: 4.665 | AK22: 2 | AL22: 0.3 | AM22: 0 | AN22: 0.0192 | AO22: 0 | AP22: 0 | AQ22: 0.111 | AR22: 0.111 | AS22: 0.007 | AT22: 0.001 | AU22: 0.006 | AV22: 0.014 | AW22: 0.001 | AX22: =Tabelle1[[#This Row],[Vitamin D3 '[µg/100g']]]*40 -> 0 | AY22: =Tabelle1[[#This Row],[Vitamin A '[µg/100g']]]*3.33 -> 6.66 | AZ22: =Tabelle1[[#This Row],[Vitamin E '[mg/100g']]]*1.49 -> 0.32184
A23: Obst | B23: F130100 | C23: Birne roh | D23: 58 | E23: =Tabelle1[[#This Row],[Energie '[kcal/100g']]]/239 -> 0.24267782 | F23: 0.3 | G23: =Tabelle1[[#This Row],[Rohprotein '[g/100g']]]*0.85 -> 0.255 | H23: 0.29 | I23: =Tabelle1[[#This Row],[TS]]-Tabelle1[[#This Row],[Rohprotein '[g/100g']]]-Tabelle1[[#This Row],[Rohfett '[g/100g']]]-Tabelle1[[#This Row],[Rohasche '[g/100g']]]-Tabelle1[[#This Row],[Rohfaser '[g/100g']]] -> 15.507 | J23: 0 | K23: 0.295 | L23: 83.608 | M23: =100-Tabelle1[[#This Row],[Wasser '[g/100g']]] -> 16.392 | N23: 8 | O23: 11 | P23: 6 | Q23: 0.778 | R23: 124 | T23: 0.1 | U23: 0.11 | V23: 0 | W23: 79 | X23: 50 | Y23: 1 | AA23: 0 | AB23: 0.21 | AC23: 2 | AD23: 0.024 | AE23: 0.04 | AF23: 0.2 | AG23: 32.92 | AH23: 0 | AI23: 4.6 | AJ23: 4.525 | AK23: 4 | AL23: 0.3 | AM23: 0 | AN23: 0.0186 | AO23: 0 | AP23: 0 | AQ23: 0.108 | AR23: 0.108 | AS23: 0.007 | AT23: 0.001 | AU23: 0.006 | AV23: 0.014 | AW23: 0.001 | AX23: =Tabelle1[[#This Row],[Vitamin D3 '[µg/100g']]]*40 -> 0 | AY23: =Tabelle1[[#This Row],[Vitamin A '[µg/100g']]]*3.33 -> 6.66 | AZ23: =Tabelle1[[#This Row],[Vitamin E '[mg/100g']]]*1.49 -> 0.3129
A24: Obst | B24: F131902 | C24: Birne ungesüßt, Konserve, abgetropft | D24: 35 | E24: =Tabelle1[[#This Row],[Energie '[kcal/100g']]]/239 -> 0.14644351 | F24: 0.301 | G24: =Tabelle1[[#This Row],[Rohprotein '[g/100g']]]*0.85 -> 0.25585 | H24: 0.303 | I24: =Tabelle1[[#This Row],[TS]]-Tabelle1[[#This Row],[Rohprotein '[g/100g']]]-Tabelle1[[#This Row],[Rohfett '[g/100g']]]-Tabelle1[[#This Row],[Rohasche '[g/100g']]]-Tabelle1[[#This Row],[Rohfaser '[g/100g']]] -> 9.343 | J24: 0 | K24: 0.153 | L24: 89.9 | M24: =100-Tabelle1[[#This Row],[Wasser '[g/100g']]] -> 10.1 | N24: 13 | O24: 9 | P24: 5 | Q24: 1.9 | R24: 64 | T24: 0 | U24: 0.11 | V24: 0 | W24: 87 | X24: 50 | Y24: 2 | AA24: 0 | AB24: 0.219 | AC24: 2 | AD24: 0.006 | AE24: 0.019 | AF24: 0.082 | AG24: 10.24 | AH24: 0 | AI24: 0.529 | AJ24: 4.922 | AK24: 1 | AL24: 0.1 | AM24: 0 | AN24: 0.0194 | AO24: 0 | AP24: 0 | AQ24: 0.113 | AR24: 0.113 | AS24: 0.007 | AT24: 0 | AU24: 0.005 | AV24: 0.014 | AW24: 0 | AX24: =Tabelle1[[#This Row],[Vitamin D3 '[µg/100g']]]*40 -> 0 | AY24: =Tabelle1[[#This Row],[Vitamin A '[µg/100g']]]*3.33 -> 6.66 | AZ24: =Tabelle1[[#This Row],[Vitamin E '[mg/100g']]]*1.49 -> 0.32631
A25: Gemüse | B25: G311162 | C25: Blumenkohl gebacken | D25: 50 | E25: =Tabelle1[[#This Row],[Energie '[kcal/100g']]]/239 -> 0.20920502 | F25: 3.414 | G25: =Tabelle1[[#This Row],[Rohprotein '[g/100g']]]*0.85 -> 2.9019 | H25: 0.394 | I25: =Tabelle1[[#This Row],[TS]]-Tabelle1[[#This Row],[Rohprotein '[g/100g']]]-Tabelle1[[#This Row],[Rohfett '[g/100g']]]-Tabelle1[[#This Row],[Rohasche '[g/100g']]]-Tabelle1[[#This Row],[Rohfaser '[g/100g']]] -> 8.293 | J25: 0 | K25: 1.099 | L25: 86.8 | M25: =100-Tabelle1[[#This Row],[Wasser '[g/100g']]] -> 13.2 | N25: 34 | O25: 69 | P25: 20 | Q25: 17 | R25: 394 | T25: 0.577 | U25: 0.44 | V25: 0 | W25: 49 | X25: 230 | Y25: 0.9 | AA25: 0 | AB25: 0.113 | AC25: 4 | AD25: 0.068 | AE25: 0.12 | AF25: 0.803 | AG25: 120.21 | AH25: 0 | AI25: 72.113 | AJ25: 30 | AK25: 75 | AL25: 2.2 | AM25: 0 | AN25: 0.154 | AO25: 0 | AP25: 0 | AQ25: 0.041 | AR25: 0.041 | AS25: 0.155 | AT25: 0 | AU25: 0.069 | AV25: 0.197 | AW25: 0.068 | AX25: =Tabelle1[[#This Row],[Vitamin D3 '[µg/100g']]]*40 -> 0 | AY25: =Tabelle1[[#This Row],[Vitamin A '[µg/100g']]]*3.33 -> 13.32 | AZ25: =Tabelle1[[#This Row],[Vitamin E '[mg/100g']]]*1.49 -> 0.16837
A26: Gemüse | B26: G311182 | C26: Blumenkohl gebraten ohne Fett (Pfanne) | D26: 71 | E26: =Tabelle1[[#This Row],[Energie '[kcal/100g']]]/239 -> 0.29707113 | F26: 4.848 | G26: =Tabelle1[[#This Row],[Rohprotein '[g/100g']]]*0.85 -> 4.1208 | H26: 0.56 | I26: =Tabelle1[[#This Row],[TS]]-Tabelle1[[#This Row],[Rohprotein '[g/100g']]]-Tabelle1[[#This Row],[Rohfett '[g/100g']]]-Tabelle1[[#This Row],[Rohasche '[g/100g']]]-Tabelle1[[#This Row],[Rohfaser '[g/100g']]] -> 13.332 | J26: 0 | K26: 1.56 | L26: 79.7 | M26: =100-Tabelle1[[#This Row],[Wasser '[g/100g']]] -> 20.3 | N26: 48 | O26: 98 | P26: 28 | Q26: 24 | R26: 560 | T26: 0.82 | U26: 0.62 | V26: 0 | W26: 70 | X26: 320 | Y26: 1.3 | AA26: 0 | AB26: 0.16 | AC26: 5 | AD26: 0.097 | AE26: 0.171 | AF26: 1.14 | AG26: 170.69 | AH26: 0 | AI26: 102.4 | AJ26: 42 | AK26: 106 | AL26: 3.1 | AM26: 0 | AN26: 0.218 | AO26: 0 | AP26: 0 | AQ26: 0.058 | AR26: 0.058 | AS26: 0.22 | AT26: 0 | AU26: 0.098 | AV26: 0.28 | AW26: 0.096 | AX26: =Tabelle1[[#This Row],[Vitamin D3 '[µg/100g']]]*40 -> 0 | AY26: =Tabelle1[[#This Row],[Vitamin A '[µg/100g']]]*3.33 -> 16.65 | AZ26: =Tabelle1[[#This Row],[Vitamin E '[mg/100g']]]*1.49 -> 0.2384
A27: Gemüse | B27: G311142 | C27: Blumenkohl gedämpft | D27: 35 | E27: =Tabelle1[[#This Row],[Energie '[kcal/100g']]]/239 -> 0.14644351 | F27: 2.399 | G27: =Tabelle1[[#This Row],[Rohprotein '[g/100g']]]*0.85 -> 2.03915 | H27: 0.277 | I27: =Tabelle1[[#This Row],[TS]]-Tabelle1[[#This Row],[Rohprotein '[g/100g']]]-Tabelle1[[#This Row],[Rohfett '[g/100g']]]-Tabelle1[[#This Row],[Rohasche '[g/100g']]]-Tabelle1[[#This Row],[Rohfaser '[g/100g']]] -> 4.693 | J27: 0 | K27: 0.731 | L27: 91.9 | M27: =100-Tabelle1[[#This Row],[Wasser '[g/100g']]] -> 8.1 | N27: 24 | O27: 48 | P27: 13 | Q27: 11 | R27: 248 | T27: 0.342 | U27: 0.29 | V27: 0 | W27: 36 | X27: 160 | Y27: 0.7 | AA27: 0 | AB27: 0.083 | AC27: 3 | AD27: 0.045 | AE27: 0.084 | AF27: 0.5 | AG27: 83.96 | AH27: 0 | AI27: 50 | AJ27: 20 | AK27: 48 | AL27: 1.5 | AM27: 0 | AN27: 0.108 | AO27: 0 | AP27: 0 | AQ27: 0.029 | AR27: 0.029 | AS27: 0.109 | AT27: 0 | AU27: 0.048 | AV27: 0.139 | AW27: 0.048 | AX27: =Tabelle1[[#This Row],[Vitamin D3 '[µg/100g']]]*40 -> 0 | AY27: =Tabelle1[[#This Row],[Vitamin A '[µg/100g']]]*3.33 -> 9.99 | AZ27: =Tabelle1[[#This Row],[Vitamin E '[mg/100g']]]*1.49 -> 0.12367
... A43: Kohlenhydrate | B43: C421000 | C43: Buchweizen Vollkornmehl | D43: 355 | E43: =Tabelle1[[#This Row],[Energie '[kcal/100g']]]/239 -> 1.4853556 | F43: 11.703 | G43: =Tabelle1[[#This Row],[Rohprotein '[g/100g']]]*0.85 -> 9.94755 | H43: 2.71 | I43: =Tabelle1[[#This Row],[TS]]-Tabelle1[[#This Row],[Rohprotein '[g/100g']]]-Tabelle1[[#This Row],[Rohfett '[g/100g']]]-Tabelle1[[#This Row],[Rohasche '[g/100g']]]-Tabelle1[[#This Row],[Rohfaser '[g/100g']]] -> 69.897 | J43: 0 | K43: 1.59 | L43: 14.1 | M43: =100-Tabelle1[[#This Row],[Wasser '[g/100g']]] -> 85.9 | N43: 33 | O43: 263 | P43: 200 | Q43: 1 | R43: 680 | T43: 2.2 | U43: 2.9027 | V43: 0 | W43: 526.7 | X43: 1372.4 | Y43: 2.5 | AA43: 0 | AB43: 0.25 | AC43: 0 | AD43: 0.58 | AE43: 0.15 | AF43: 2.9 | AG43: 580 | AH43: 0 | AI43: 0 | AJ43: 1.187 | AK43: 43.5 | AL43: 0.34 | AM43: 0 | AN43: 0.051 | AO43: 0 | AP43: 0 | AQ43: 0.867 | AR43: 0.864 | AS43: 1.22 | AT43: 0.23 | AU43: 0.28 | AV43: 0.77 | AW43: 0.24 | AX43: =Tabelle1[[#This Row],[Vitamin D3 '[µg/100g']]]*40 -> 0 | AY43: =Tabelle1[[#This Row],[Vitamin A '[µg/100g']]]*3.33 -> 0 | AZ43: =Tabelle1[[#This Row],[Vitamin E '[mg/100g']]]*1.49 -> 0.3725
A44: Fleisch | C44: Büffel Muskelfleisch, roh | D44: 110 | E44: =Tabelle1[[#This Row],[Energie '[kcal/100g']]]/239 -> 0.46025105 | F44: 21.5 | G44: =Tabelle1[[#This Row],[Rohprotein '[g/100g']]]*0.85 -> 18.275 | H44: 2.5 | I44: =Tabelle1[[#This Row],[TS]]-Tabelle1[[#This Row],[Rohprotein '[g/100g']]]-Tabelle1[[#This Row],[Rohfett '[g/100g']]]-Tabelle1[[#This Row],[Rohasche '[g/100g']]]-Tabelle1[[#This Row],[Rohfaser '[g/100g']]] -> 0.4 | J44: 0 | K44: 1.1 | L44: 74.5 | M44: =100-Tabelle1[[#This Row],[Wasser '[g/100g']]] -> 25.5 | N44: 12 | O44: 185 | P44: 22 | Q44: 52 | R44: 315 | T44: 2.8 | U44: 4.1 | V44: 16.5 | W44: 150 | X44: 20 | Y44: 2.5 | AA44: 0 | AB44: 0.2 | AC44: 0 | AD44: 0.11 | AE44: 0.22 | AF44: 0.45 | AG44: 250 | AH44: 1.8 | AI44: 0 | AJ44: 1.5 | AK44: 6 | AL44: 2 | AM44: 0 | AN44: 0.02 | AO44: 0 | AP44: 0 | AQ44: 0.12 | AR44: 0 | AS44: 1.33 | AT44: 0.24 | AU44: 0.63 | AV44: 1.92 | AW44: 0.56 | AX44: =Tabelle1[[#This Row],[Vitamin D3 '[µg/100g']]]*40 -> 0 | AY44: =Tabelle1[[#This Row],[Vitamin A '[µg/100g']]]*3.33 -> 0 | AZ44: =Tabelle1[[#This Row],[Vitamin E '[mg/100g']]]*1.49 -> 0.298
A45: Kohlenhydrate | B45: C119132 | C45: Bulgur (Hartweizen) gekocht | D45: 152 | E45: =Tabelle1[[#This Row],[Energie '[kcal/100g']]]/239 -> 0.63598326 | F45: 5.5 | G45: =Tabelle1[[#This Row],[Rohprotein '[g/100g']]]*0.85 -> 4.675 | H45: 0.9 | I45: =Tabelle1[[#This Row],[TS]]-Tabelle1[[#This Row],[Rohprotein '[g/100g']]]-Tabelle1[[#This Row],[Rohfett '[g/100g']]]-Tabelle1[[#This Row],[Rohasche '[g/100g']]]-Tabelle1[[#This Row],[Rohfaser '[g/100g']]] -> 31.81 | J45: 0 | K45: 0.49 | L45: 61.3 | M45: =100-Tabelle1[[#This Row],[Wasser '[g/100g']]] -> 38.7 | N45: 14 | O45: 123 | P45: 53 | Q45: 4 | R45: 124 | T45: 0.4 | U45: 0.61 | V45: 0 | W45: 145 | X45: 1040 | Y45: 0 | AA45: 0 | AB45: 0.06 | AC45: 0 | AD45: 0.07 | AE45: 0.03 | AF45: 1.8 | AG45: 100 | AH45: 0 | AI45: 0 | AJ45: 0 | AK45: 8 | AL45: 2 | AM45: 0 | AN45: 0.02 | AO45: 0 | AP45: 0 | AQ45: 0.35 | AR45: 0.35 | AS45: 0.254 | AT45: 0.126 | AU45: 0.126 | AV45: 0.15 | AW45: 0.08 | AX45: =Tabelle1[[#This Row],[Vitamin D3 '[µg/100g']]]*40 -> 0 | AY45: =Tabelle1[[#This Row],[Vitamin A '[µg/100g']]]*3.33 -> 0 | AZ45: =Tabelle1[[#This Row],[Vitamin E '[mg/100g']]]*1.49 -> 0.0894
A46: Kohlenhydrate | B46: C119100 | C46: Bulgur (Hartweizen) roh | D46: 353 | E46: =Tabelle1[[#This Row],[Energie '[kcal/100g']]]/239 -> 1.4769874 | F46: 12.4 | G46: =Tabelle1[[#This Row],[Rohprotein '[g/100g']]]*0.85 -> 10.54 | H46: 2 | I46: =Tabelle1[[#This Row],[TS]]-Tabelle1[[#This Row],[Rohprotein '[g/100g']]]-Tabelle1[[#This Row],[Rohfett '[g/100g']]]-Tabelle1[[#This Row],[Rohasche '[g/100g']]]-Tabelle1[[#This Row],[Rohfaser '[g/100g']]] -> 74.49 | J46: 0 | K46: 1.51 | L46: 9.6 | M46: =100-Tabelle1[[#This Row],[Wasser '[g/100g']]] -> 90.4 | N46: 32 | O46: 291 | P46: 124 | Q46: 11 | R46: 382 | T46: 1.1 | U46: 1.38 | V46: 0 | W46: 346 | X46: 2300 | Y46: 0 | AA46: 0 | AB46: 0.14 | AC46: 0 | AD46: 0.24 | AE46: 0.09 | AF46: 5 | AG46: 300 | AH46: 0 | AI46: 0 | AJ46: 0 | AK46: 27 | AL46: 5.4 | AM46: 0 | AN46: 0.05 | AO46: 0 | AP46: 0 | AQ46: 0.81 | AR46: 0.81 | AS46: 0.575 | AT46: 0.285 | AU46: 0.285 | AV46: 0.339 | AW46: 0.19 | AX46: =Tabelle1[[#This Row],[Vitamin D3 '[µg/100g']]]*40 -> 0 | AY46: =Tabelle1[[#This Row],[Vitamin A '[µg/100g']]]*3.33 -> 0 | AZ46: =Tabelle1[[#This Row],[Vitamin E '[mg/100g']]]*1.49 -> 0.2086
A47: Milchprodukte | B47: M501600 | C47: Butterkäse mind. 45 % Fett i. Tr. | D47: 310 | E47: =Tabelle1[[#This Row],[Energie '[kcal/100g']]]/239 -> 1.2970711 | F47: 23.614 | G47: =Tabelle1[[#This Row],[Rohprotein '[g/100g']]]*0.85 -> 20.0719 | H47: 23.5 | I47: =Tabelle1[[#This Row],[TS]]-Tabelle1[[#This Row],[Rohprotein '[g/100g']]]-Tabelle1[[#This Row],[Rohfett '[g/100g']]]-Tabelle1[[#This Row],[Rohasche '[g/100g']]]-Tabelle1[[#This Row],[Rohfaser '[g/100g']]] -> 4.981 | J47: 0 | K47: 4.07 | L47: 43.835 | M47: =100-Tabelle1[[#This Row],[Wasser '[g/100g']]] -> 56.165 | N47: 1013.95 | O47: 656.12 | P47: 37.62 | Q47: 792 | R47: 120.65 | T47: 0.23 | U47: 4.75 | V47: 0 | W47: 40 | X47: 30 | Y47: 17.76 | AA47: 0.47 | AB47: 0.71 | AC47: 283 | AD47: 0.012 | AE47: 0.175 | AF47: 0.1 | AG47: 47 | AH47: 2 | AI47: 1 | AJ47: 15.85 | AK47: 18 | AL47: 2.5 | AM47: 0.003 | AN47: 0 | AO47: 0 | AP47: 0 | AQ47: 0.94 | AR47: 0.94 | AS47: 0.871 | AT47: 0.116 | AU47: 0.767 | AV47: 1.8 | AW47: 0.64 | AX47: =Tabelle1[[#This Row],[Vitamin D3 '[µg/100g']]]*40 -> 18.8 | AY47: =Tabelle1[[#This Row],[Vitamin A '[µg/100g']]]*3.33 -> 942.39 | AZ47: =Tabelle1[[#This Row],[Vitamin E '[mg/100g']]]*1.49 -> 1.0579
A48: Milchprodukte | B48: M501700 | C48: Butterkäse mind. 50 % Fett i. Tr. | D48: 347 | E48: =Tabelle1[[#This Row],[Energie '[kcal/100g']]]/239 -> 1.4518828 | F48: 21.46 | G48: =Tabelle1[[#This Row],[Rohprotein '[g/100g']]]*0.85 -> 18.241 | H48: 28.8 | I48: =Tabelle1[[#This Row],[TS]]-Tabelle1[[#This Row],[Rohprotein '[g/100g']]]-Tabelle1[[#This Row],[Rohfett '[g/100g']]]-Tabelle1[[#This Row],[Rohasche '[g/100g']]]-Tabelle1[[#This Row],[Rohfaser '[g/100g']]] -> -0.32 | J48: 0 | K48: 3.86 | L48: 46.2 | M48: =100-Tabelle1[[#This Row],[Wasser '[g/100g']]] -> 53.8 | N48: 1013.95 | O48: 656.12 | P48: 37.62 | Q48: 792 | R48: 120.65 | T48: 0.23 | U48: 4.75 | V48: 0 | W48: 40 | X48: 30 | Y48: 17.76 | AA48: 0.53 | AB48: 0.56 | AC48: 307 | AD48: 0 | AE48: 0.28 | AF48: 0.1 | AG48: 37 | AH48: 2 | AI48: 1 | AJ48: 15.85 | AK48: 18 | AL48: 2.5 | AM48: 0 | AN48: 0.191 | AO48: 0 | AP48: 0 | AQ48: 0.463 | AR48: 0.463 | AS48: 0.79 | AT48: 0.11 | AU48: 0.7 | AV48: 1.87 | AW48: 0.58 | AX48: =Tabelle1[[#This Row],[Vitamin D3 '[µg/100g']]]*40 -> 21.2 | AY48: =Tabelle1[[#This Row],[Vitamin A '[µg/100g']]]*3.33 -> 1022.31 | AZ48: =Tabelle1[[#This Row],[Vitamin E '[mg/100g']]]*1.49 -> 0.8344
A49: Milchprodukte | B49: M501800 | C49: Butterkäse mind. 60 % Fett i. Tr. | D49: 384 | E49: =Tabelle1[[#This Row],[Energie '[kcal/100g']]]/239 -> 1.6066946 | F49: 17 | G49: =Tabelle1[[#This Row],[Rohprotein '[g/100g']]]*0.85 -> 14.45 | H49: 34.7 | I49: =Tabelle1[[#This Row],[TS]]-Tabelle1[[#This Row],[Rohprotein '[g/100g']]]-Tabelle1[[#This Row],[Rohfett '[g/100g']]]-Tabelle1[[#This Row],[Rohasche '[g/100g']]]-Tabelle1[[#This Row],[Rohfaser '[g/100g']]] -> 0.44 | J49: 0 | K49: 3.86 | L49: 44 | M49: =100-Tabelle1[[#This Row],[Wasser '[g/100g']]] -> 56 | N49: 1013.95 | O49: 656.12 | P49: 37.62 | Q49: 792 | R49: 120.65 | T49: 0.23 | U49: 4.75 | V49: 0 | W49: 40 | X49: 30 | Y49: 17.76 | AA49: 0.7 | AB49: 1 | AC49: 415 | AD49: 0.05 | AE49: 0.3 | AF49: 0.1 | AG49: 60 | AH49: 2 | AI49: 1 | AJ49: 15.85 | AK49: 18 | AL49: 2.5 | AM49: 0 | AN49: 0 | AO49: 0 | AP49: 0 | AQ49: 1.4 | AR49: 1.4 | AS49: 0.627 | AT49: 0.083 | AU49: 0.552 | AV49: 1.4 | AW49: 0.461 | AX49: =Tabelle1[[#This Row],[Vitamin D3 '[µg/100g']]]*40 -> 28 | AY49: =Tabelle1[[#This Row],[Vitamin A '[µg/100g']]]*3.33 -> 1381.95 | AZ49: =Tabelle1[[#This Row],[Vitamin E '[mg/100g']]]*1.49 -> 1.49
A50: Milchprodukte | B50: M150000 | C50: Buttermilch | D50: 39 | E50: =Tabelle1[[#This Row],[Energie '[kcal/100g']]]/239 -> 0.16317992 | F50: 3.23 | G50: =Tabelle1[[#This Row],[Rohprotein '[g/100g']]]*0.85 -> 2.7455 | H50: 0.56 | I50: =Tabelle1[[#This Row],[TS]]-Tabelle1[[#This Row],[Rohprotein '[g/100g']]]-Tabelle1[[#This Row],[Rohfett '[g/100g']]]-Tabelle1[[#This Row],[Rohasche '[g/100g']]]-Tabelle1[[#This Row],[Rohfaser '[g/100g']]] -> 4.61 | J50: 0 | K50: 0.6 | L50: 91 | M50: =100-Tabelle1[[#This Row],[Wasser '[g/100g']]] -> 9 | N50: 103 | O50: 89.2 | P50: 10.6 | Q50: 37.6 | R50: 158 | T50: 0.07 | U50: 0.28 | V50: 0 | W50: 7.5 | X50: 2.2 | Y50: 13 | AA50: 0 | AB50: 0.022 | AC50: 41 | AD50: 0.064 | AE50: 0.179 | AF50: 0.598 | AG50: 40 | AH50: 0 | AI50: 0.4 | AJ50: 2.5 | AK50: 6.4 | AL50: 2.412 | AM50: 4.73 | AN50: 0.0049 | AO50: 0 | AP50: 0 | AQ50: 0.023 | AR50: 0.023 | AS50: 0.11 | AT50: 0 | AU50: 0.08 | AV50: 0.26 | AW50: 0.08 | AX50: =Tabelle1[[#This Row],[Vitamin D3 '[µg/100g']]]*40 -> 0 | AY50: =Tabelle1[[#This Row],[Vitamin A '[µg/100g']]]*3.33 -> 136.53 | AZ50: =Tabelle1[[#This Row],[Vitamin E '[mg/100g']]]*1.49 -> 0.03278
A51: Milchprodukte | B51: M886000 | C51: Buttermilchpulver | D51: 363 | E51: =Tabelle1[[#This Row],[Energie '[kcal/100g']]]/239 -> 1.5188285 | F51: 32.719 | G51: =Tabelle1[[#This Row],[Rohprotein '[g/100g']]]*0.85 -> 27.81115 | H51: 6.75 | I51: =Tabelle1[[#This Row],[TS]]-Tabelle1[[#This Row],[Rohprotein '[g/100g']]]-Tabelle1[[#This Row],[Rohfett '[g/100g']]]-Tabelle1[[#This Row],[Rohasche '[g/100g']]]-Tabelle1[[#This Row],[Rohfaser '[g/100g']]] -> 50.931 | J51: 0 | K51: 6.5 | L51: 3.1 | M51: =100-Tabelle1[[#This Row],[Wasser '[g/100g']]] -> 96.9 | N51: 894 | O51: 915 | P51: 110 | Q51: 354 | R51: 1300 | T51: 0.3 | U51: 4 | V51: 0 | W51: 100 | X51: 40 | Y51: 50 | AA51: 0.12 | AB51: 0.01 | AC51: 83 | AD51: 0.35 | AE51: 1.5 | AF51: 1 | AG51: 340 | AH51: 4 | AI51: 5 | AJ51: 0 | AK51: 47 | AL51: 37 | AM51: 42.12 | AN51: 0.033 | AO51: 0 | AP51: 0 | AQ51: 0.281 | AR51: 0.281 | AS51: 1.17 | AT51: 0.3 | AU51: 0.88 | AV51: 2.56 | AW51: 0.82 | AX51: =Tabelle1[[#This Row],[Vitamin D3 '[µg/100g']]]*40 -> 4.8 | AY51: =Tabelle1[[#This Row],[Vitamin A '[µg/100g']]]*3.33 -> 276.39 | AZ51: =Tabelle1[[#This Row],[Vitamin E '[mg/100g']]]*1.49 -> 0.0149
A52: Nüsse/Kerne | B52: H170100 | C52: Cashewkerne | D52: 618 | E52: =Tabelle1[[#This Row],[Energie '[kcal/100g']]]/239 -> 2.5857741 | F52: 21.01 | G52: =Tabelle1[[#This Row],[Rohprotein '[g/100g']]]*0.85 -> 17.8585 | H52: 47.1 | I52: =Tabelle1[[#This Row],[TS]]-Tabelle1[[#This Row],[Rohprotein '[g/100g']]]-Tabelle1[[#This Row],[Rohfett '[g/100g']]]-Tabelle1[[#This Row],[Rohasche '[g/100g']]]-Tabelle1[[#This Row],[Rohfaser '[g/100g']]] -> 25.28 | J52: 0 | K52: 2.53 | L52: 4.08 | M52: =100-Tabelle1[[#This Row],[Wasser '[g/100g']]] -> 95.92 | N52: 38 | O52: 500 | P52: 258 | Q52: 10 | R52: 689 | T52: 6.41 | U52: 5.15 | V52: 0 | W52: 2060 | X52: 1960 | Y52: 5 | AA52: 0 | AB52: 0.29 | AC52: 0 | AD52: 0.58 | AE52: 0.18 | AF52: 1.84 | AG52: 530 | AH52: 0 | AI52: 0 | AJ52: 34.8 | AK52: 67.7 | AL52: 11.4 | AM52: 0 | AN52: 0.08 | AO52: 0 | AP52: 0 | AQ52: 8.548 | AR52: 8.548 | AS52: 2.28 | AT52: 0.41 | AU52: 0.48 | AV52: 1 | AW52: 0.36 | AX52: =Tabelle1[[#This Row],[Vitamin D3 '[µg/100g']]]*40 -> 0 | AY52: =Tabelle1[[#This Row],[Vitamin A '[µg/100g']]]*3.33 -> 0 | AZ52: =Tabelle1[[#This Row],[Vitamin E '[mg/100g']]]*1.49 -> 0.4321
A53: Nüsse/Kerne | B53: F960800 | C53: Cashewnussmus | D53: 623 | E53: =Tabelle1[[#This Row],[Energie '[kcal/100g']]]/239 -> 2.6066946 | F53: 17.6 | G53: =Tabelle1[[#This Row],[Rohprotein '[g/100g']]]*0.85 -> 14.96 | H53: 49.4 | I53: =Tabelle1[[#This Row],[TS]]-Tabelle1[[#This Row],[Rohprotein '[g/100g']]]-Tabelle1[[#This Row],[Rohfett '[g/100g']]]-Tabelle1[[#This Row],[Rohasche '[g/100g']]]-Tabelle1[[#This Row],[Rohfaser '[g/100g']]] -> 27.54 | J53: 0 | K53: 2.5 | L53: 2.96 | M53: =100-Tabelle1[[#This Row],[Wasser '[g/100g']]] -> 97.04 | N53: 43 | O53: 457 | P53: 258 | Q53: 15 | R53: 546 | T53: 5.03 | U53: 5.16 | V53: 0 | W53: 2190 | X53: 815 | Y53: 5 | AA53: 0 | AB53: 0.29 | AC53: 0 | AD53: 0.312 | AE53: 0.187 | AF53: 1.6 | AG53: 252 | AH53: 0 | AI53: 0 | AJ53: 34.8 | AK53: 68 | AL53: 11.4 | AM53: 0 | AN53: 0.1 | AO53: 0 | AP53: 0 | AQ53: 9 | AR53: 9 | AS53: 2 | AT53: 0.325 | AU53: 0.457 | AV53: 0.938 | AW53: 0.315 | AX53: =Tabelle1[[#This Row],[Vitamin D3 '[µg/100g']]]*40 -> 0 | AY53: =Tabelle1[[#This Row],[Vitamin A '[µg/100g']]]*3.33 -> 0 | AZ53: =Tabelle1[[#This Row],[Vitamin E '[mg/100g']]]*1.49 -> 0.4321
A54: Nüsse/Kerne | B54: F960800 | C54: Cashewnussmus | D54: 623 | E54: =Tabelle1[[#This Row],[Energie '[kcal/100g']]]/239 -> 2.6066946 | F54: 17.6 | G54: =Tabelle1[[#This Row],[Rohprotein '[g/100g']]]*0.85 -> 14.96 | H54: 49.4 | I54: =Tabelle1[[#This Row],[TS]]-Tabelle1[[#This Row],[Rohprotein '[g/100g']]]-Tabelle1[[#This Row],[Rohfett '[g/100g']]]-Tabelle1[[#This Row],[Rohasche '[g/100g']]]-Tabelle1[[#This Row],[Rohfaser '[g/100g']]] -> 27.54 | J54: 0 | K54: 2.5 | L54: 2.96 | M54: =100-Tabelle1[[#This Row],[Wasser '[g/100g']]] -> 97.04 | N54: 43 | O54: 457 | P54: 258 | Q54: 15 | R54: 546 | T54: 5.03 | U54: 5.16 | V54: 0 | W54: 2190 | X54: 815 | Y54: 5 | AA54: 0 | AB54: 0.29 | AC54: 0 | AD54: 0.312 | AE54: 0.187 | AF54: 1.6 | AG54: 252 | AH54: 0 | AI54: 0 | AJ54: 34.8 | AK54: 68 | AL54: 11.4 | AM54: 0 | AN54: 0.1 | AO54: 0 | AP54: 0 | AQ54: 9 | AR54: 9 | AS54: 2 | AT54: 0.325 | AU54: 0.457 | AV54: 0.938 | AW54: 0.315 | AX54: =Tabelle1[[#This Row],[Vitamin D3 '[µg/100g']]]*40 -> 0 | AY54: =Tabelle1[[#This Row],[Vitamin A '[µg/100g']]]*3.33 -> 0 | AZ54: =Tabelle1[[#This Row],[Vitamin E '[mg/100g']]]*1.49 -> 0.4321
A55: Gemüse | B55: G101162 | C55: Chicoree gebacken | D55: 24 | E55: =Tabelle1[[#This Row],[Energie '[kcal/100g']]]/239 -> 0.10041841 | F55: 2.812 | G55: =Tabelle1[[#This Row],[Rohprotein '[g/100g']]]*0.85 -> 2.3902 | H55: 0.212 | I55: =Tabelle1[[#This Row],[TS]]-Tabelle1[[#This Row],[Rohprotein '[g/100g']]]-Tabelle1[[#This Row],[Rohfett '[g/100g']]]-Tabelle1[[#This Row],[Rohasche '[g/100g']]]-Tabelle1[[#This Row],[Rohfaser '[g/100g']]] -> 5.847 | J55: 0 | K55: 1.729 | L55: 89.4 | M55: =100-Tabelle1[[#This Row],[Wasser '[g/100g']]] -> 10.6 | N55: 94 | O55: 31 | P55: 26 | Q55: 54 | R55: 553 | T55: 1.321 | U55: 0.342 | V55: 0 | W55: 119 | X55: 353 | Y55: 2.031 | AA55: 0 | AB55: 0.279 | AC55: 678 | AD55: 0.061 | AE55: 0.04 | AF55: 0.268 | AG55: 52 | AH55: 0 | AI55: 6.849 | AJ55: 136 | AK55: 30 | AL55: 5 | AM55: 0 | AN55: 0.034 | AO55: 0 | AP55: 0 | AQ55: 0.086 | AR55: 0.086 | AS55: 0.14 | AT55: 0.006 | AU55: 0.024 | AV55: 0.049 | AW55: 0.015 | AX55: =Tabelle1[[#This Row],[Vitamin D3 '[µg/100g']]]*40 -> 0 | AY55: =Tabelle1[[#This Row],[Vitamin A '[µg/100g']]]*3.33 -> 2257.74 | AZ55: =Tabelle1[[#This Row],[Vitamin E '[mg/100g']]]*1.49 -> 0.41571
A56: Gemüse | B56: G101182 | C56: Chicoree gebraten ohne Fett (Pfanne) | D56: 38 | E56: =Tabelle1[[#This Row],[Energie '[kcal/100g']]]/239 -> 0.15899582 | F56: 4.509 | G56: =Tabelle1[[#This Row],[Rohprotein '[g/100g']]]*0.85 -> 3.83265 | H56: 0.34 | I56: =Tabelle1[[#This Row],[TS]]-Tabelle1[[#This Row],[Rohprotein '[g/100g']]]-Tabelle1[[#This Row],[Rohfett '[g/100g']]]-Tabelle1[[#This Row],[Rohasche '[g/100g']]]-Tabelle1[[#This Row],[Rohfaser '[g/100g']]] -> 7.877 | J56: 0 | K56: 2.774 | L56: 84.5 | M56: =100-Tabelle1[[#This Row],[Wasser '[g/100g']]] -> 15.5 | N56: 151 | O56: 49 | P56: 42 | Q56: 87 | R56: 887 | T56: 2.119 | U56: 0.549 | V56: 0 | W56: 191 | X56: 566 | Y56: 3.257 | AA56: 0 | AB56: 0.447 | AC56: 1064 | AD56: 0.098 | AE56: 0.065 | AF56: 0.43 | AG56: 82 | AH56: 0 | AI56: 13.115 | AJ56: 219 | AK56: 48 | AL56: 8 | AM56: 0 | AN56: 0.055 | AO56: 0 | AP56: 0 | AQ56: 0.138 | AR56: 0.138 | AS56: 0.225 | AT56: 0.009 | AU56: 0.038 | AV56: 0.079 | AW56: 0.025 | AX56: =Tabelle1[[#This Row],[Vitamin D3 '[µg/100g']]]*40 -> 0 | AY56: =Tabelle1[[#This Row],[Vitamin A '[µg/100g']]]*3.33 -> 3543.12 | AZ56: =Tabelle1[[#This Row],[Vitamin E '[mg/100g']]]*1.49 -> 0.66603
... A102: Obst | B102: F301100 | C102: Erdbeere roh | D102: 38 | E102: =Tabelle1[[#This Row],[Energie '[kcal/100g']]]/239 -> 0.15899582 | F102: 0.82 | G102: =Tabelle1[[#This Row],[Rohprotein '[g/100g']]]*0.85 -> 0.697 | H102: 0.4 | I102: =Tabelle1[[#This Row],[TS]]-Tabelle1[[#This Row],[Rohprotein '[g/100g']]]-Tabelle1[[#This Row],[Rohfett '[g/100g']]]-Tabelle1[[#This Row],[Rohasche '[g/100g']]]-Tabelle1[[#This Row],[Rohfaser '[g/100g']]] -> 8.255 | J102: 0 | K102: 0.425 | L102: 90.1 | M102: =100-Tabelle1[[#This Row],[Wasser '[g/100g']]] -> 9.9 | N102: 16 | O102: 25.375 | P102: 13 | Q102: 1 | R102: 183 | T102: 0.459 | U102: 0.11 | V102: 0 | W102: 46 | X102: 350 | Y102: 1 | AA102: 0 | AB102: 0.275 | AC102: 2 | AD102: 0.02 | AE102: 0.02 | AF102: 0.6 | AG102: 24.69 | AH102: 0 | AI102: 56.864 | AJ102: 3.9 | AK102: 68 | AL102: 1.2 | AM102: 0 | AN102: 0.1045 | AO102: 0 | AP102: 0 | AQ102: 0.133 | AR102: 0.133 | AS102: 0.037 | AT102: 0.007 | AU102: 0.016 | AV102: 0.034 | AW102: 0.001 | AX102: =Tabelle1[[#This Row],[Vitamin D3 '[µg/100g']]]*40 -> 0 | AY102: =Tabelle1[[#This Row],[Vitamin A '[µg/100g']]]*3.33 -> 6.66 | AZ102: =Tabelle1[[#This Row],[Vitamin E '[mg/100g']]]*1.49 -> 0.40975
A103: Gemüse | B103: G104100 | C103: Feldsalat/Rapunzel, roh | D103: 18 | E103: =Tabelle1[[#This Row],[Energie '[kcal/100g']]]/239 -> 0.075313808 | F103: 1.9 | G103: =Tabelle1[[#This Row],[Rohprotein '[g/100g']]]*0.85 -> 1.615 | H103: 0.36 | I103: =Tabelle1[[#This Row],[TS]]-Tabelle1[[#This Row],[Rohprotein '[g/100g']]]-Tabelle1[[#This Row],[Rohfett '[g/100g']]]-Tabelle1[[#This Row],[Rohasche '[g/100g']]]-Tabelle1[[#This Row],[Rohfaser '[g/100g']]] -> 4.273 | J103: 0 | K103: 0.8 | L103: 92.667 | M103: =100-Tabelle1[[#This Row],[Wasser '[g/100g']]] -> 7.333 | N103: 59.2 | O103: 49 | P103: 39.5 | Q103: 10.06 | R103: 441 | T103: 1.84 | U103: 0.32 | V103: 0 | W103: 126 | X103: 500 | Y103: 0 | AA103: 0 | AB103: 0.458 | AC103: 534 | AD103: 0.065 | AE103: 0.08 | AF103: 0.38 | AG103: 250 | AH103: 0 | AI103: 35 | AJ103: 116 | AK103: 108 | AL103: 0 | AM103: 0 | AN103: 0.145 | AO103: 0 | AP103: 0 | AQ103: 0.03 | AR103: 0.03 | AS103: 0.088 | AT103: - | AU103: 0.035 | AV103: 0.11 | AW103: 0.011 | AX103: =Tabelle1[[#This Row],[Vitamin D3 '[µg/100g']]]*40 -> 0 | AY103: =Tabelle1[[#This Row],[Vitamin A '[µg/100g']]]*3.33 -> 1778.22 | AZ103: =Tabelle1[[#This Row],[Vitamin E '[mg/100g']]]*1.49 -> 0.68242
A104: Fischprodukte | B104: Q730000 | C104: Fischleberöl/Lebertran | D104: 900 | E104: =Tabelle1[[#This Row],[Energie '[kcal/100g']]]/239 -> 3.7656904 | F104: 0 | G104: =Tabelle1[[#This Row],[Rohprotein '[g/100g']]]*0.85 -> 0 | H104: 100 | I104: =Tabelle1[[#This Row],[TS]]-Tabelle1[[#This Row],[Rohprotein '[g/100g']]]-Tabelle1[[#This Row],[Rohfett '[g/100g']]]-Tabelle1[[#This Row],[Rohasche '[g/100g']]]-Tabelle1[[#This Row],[Rohfaser '[g/100g']]] -> 0 | J104: 0 | K104: 0 | L104: 0 | M104: =100-Tabelle1[[#This Row],[Wasser '[g/100g']]] -> 100 | N104: 0.58 | O104: 0 | P104: 0 | Q104: 0.01 | R104: 0 | T104: 0.037 | U104: 0.03 | V104: 0 | W104: 4 | X104: 1 | Y104: 400 | AA104: 111 | AB104: 28.8333 | AC104: 19775 | AD104: 0 | AE104: 0 | AF104: 0 | AG104: 0 | AH104: 0 | AI104: 0 | AJ104: 1.1 | AK104: 198 | AL104: 0 | AM104: 0 | AN104: 29.219 | AO104: 0.014 | AP104: 0.001 | AQ104: 4.393 | AR104: 3.723 | AS104: 0 | AT104: 0 | AU104: 0 | AV104: 0 | AW104: 0 | AX104: =Tabelle1[[#This Row],[Vitamin D3 '[µg/100g']]]*40 -> 4440 | AY104: =Tabelle1[[#This Row],[Vitamin A '[µg/100g']]]*3.33 -> 65850.75 | AZ104: =Tabelle1[[#This Row],[Vitamin E '[mg/100g']]]*1.49 -> 42.961617
A105: Zusätze | C105: Flohsamenschalen | D105: 192 | E105: =Tabelle1[[#This Row],[Energie '[kcal/100g']]]/239 -> 0.80334728 | F105: 1 | G105: =Tabelle1[[#This Row],[Rohprotein '[g/100g']]]*0.85 -> 0.85 | H105: 0.5 | I105: =Tabelle1[[#This Row],[TS]]-Tabelle1[[#This Row],[Rohprotein '[g/100g']]]-Tabelle1[[#This Row],[Rohfett '[g/100g']]]-Tabelle1[[#This Row],[Rohasche '[g/100g']]]-Tabelle1[[#This Row],[Rohfaser '[g/100g']]] -> 98.5 | K105: 0 | L105: 0 | M105: =100-Tabelle1[[#This Row],[Wasser '[g/100g']]] -> 100 | N105: 0 | O105: 0 | P105: 0 | Q105: 0.12 | R105: 0 | T105: 0 | U105: 0 | V105: 0 | W105: 0 | X105: 0 | Y105: 0 | AA105: 0 | AB105: 0 | AC105: 0 | AD105: 0 | AE105: 0 | AF105: 0 | AG105: 0 | AH105: 0 | AI105: 0 | AJ105: 0 | AK105: 0 | AL105: 0 | AM105: 0 | AN105: 0 | AO105: 0 | AP105: 0 | AQ105: 0 | AR105: 0 | AS105: 0 | AT105: 0 | AU105: 0 | AV105: 0 | AW105: 0 | AX105: =Tabelle1[[#This Row],[Vitamin D3 '[µg/100g']]]*40 -> 0 | AY105: =Tabelle1[[#This Row],[Vitamin A '[µg/100g']]]*3.33 -> 0 | AZ105: =Tabelle1[[#This Row],[Vitamin E '[mg/100g']]]*1.49 -> 0
A106: Milchprodukte | B106: M7B1600 | C106: Frischkäse aus Schafmilch, Natur, mind. 45 % Fett i. Tr. | D106: 229 | E106: =Tabelle1[[#This Row],[Energie '[kcal/100g']]]/239 -> 0.958159 | F106: 17.94 | G106: =Tabelle1[[#This Row],[Rohprotein '[g/100g']]]*0.85 -> 15.249 | H106: 16.42 | I106: =Tabelle1[[#This Row],[TS]]-Tabelle1[[#This Row],[Rohprotein '[g/100g']]]-Tabelle1[[#This Row],[Rohfett '[g/100g']]]-Tabelle1[[#This Row],[Rohasche '[g/100g']]]-Tabelle1[[#This Row],[Rohfaser '[g/100g']]] -> 2.05 | J106: 0 | K106: 1.79 | L106: 61.8 | M106: =100-Tabelle1[[#This Row],[Wasser '[g/100g']]] -> 38.2 | N106: 148 | O106: 150.5 | P106: 12.6 | Q106: 419.5 | R106: 104 | T106: 0.095 | U106: 0.64 | V106: 0 | W106: 40.5 | X106: 11.5 | Y106: 18 | AA106: 0.23 | AB106: 0.27 | AC106: 140 | AD106: 0.05 | AE106: 0.23 | AF106: 0.16 | AG106: 53 | AH106: 0.68 | AI106: 0 | AJ106: 1.8 | AK106: 7 | AL106: 1.8 | AM106: 1.74 | AN106: 0.07 | AO106: 0 | AP106: 0 | AQ106: 0.32 | AR106: 0.32 | AS106: 0.39 | AT106: 0.1 | AU106: 0.34 | AV106: 1.02 | AW106: 0.31 | AX106: =Tabelle1[[#This Row],[Vitamin D3 '[µg/100g']]]*40 -> 9.2 | AY106: =Tabelle1[[#This Row],[Vitamin A '[µg/100g']]]*3.33 -> 466.2 | AZ106: =Tabelle1[[#This Row],[Vitamin E '[mg/100g']]]*1.49 -> 0.4023
A107: Milchprodukte | B107: M7A1600 | C107: Frischkäse aus Ziegenmilch, Natur, mind. 45 % Fett i. Tr. | D107: 230 | E107: =Tabelle1[[#This Row],[Energie '[kcal/100g']]]/239 -> 0.9623431 | F107: 17.94 | G107: =Tabelle1[[#This Row],[Rohprotein '[g/100g']]]*0.85 -> 15.249 | H107: 16.42 | I107: =Tabelle1[[#This Row],[TS]]-Tabelle1[[#This Row],[Rohprotein '[g/100g']]]-Tabelle1[[#This Row],[Rohfett '[g/100g']]]-Tabelle1[[#This Row],[Rohasche '[g/100g']]]-Tabelle1[[#This Row],[Rohfaser '[g/100g']]] -> 2.05 | J107: 0 | K107: 1.79 | L107: 61.8 | M107: =100-Tabelle1[[#This Row],[Wasser '[g/100g']]] -> 38.2 | N107: 148 | O107: 150.5 | P107: 12.6 | Q107: 419.5 | R107: 104 | T107: 0.095 | U107: 0.64 | V107: 0 | W107: 40.5 | X107: 11.5 | Y107: 18 | AA107: 0 | AB107: 0.27 | AC107: 235 | AD107: 0.05 | AE107: 0.23 | AF107: 0.16 | AG107: 53 | AH107: 0.68 | AI107: 0 | AJ107: 1.8 | AK107: 21 | AL107: 1.8 | AM107: 1.74 | AN107: 0.0788 | AO107: 0 | AP107: 0 | AQ107: 0.3666 | AR107: 0.3666 | AS107: 0.386 | AT107: 0.102 | AU107: 0.34 | AV107: 1.015 | AW107: 0.306 | AX107: =Tabelle1[[#This Row],[Vitamin D3 '[µg/100g']]]*40 -> 0 | AY107: =Tabelle1[[#This Row],[Vitamin A '[µg/100g']]]*3.33 -> 782.55 | AZ107: =Tabelle1[[#This Row],[Vitamin E '[mg/100g']]]*1.49 -> 0.4023
A108: Milchprodukte | B108: M820100 | C108: Frischkäsezubereitung Natur < 10 % Fett i. Tr. | D108: 64 | E108: =Tabelle1[[#This Row],[Energie '[kcal/100g']]]/239 -> 0.26778243 | F108: 11.9 | G108: =Tabelle1[[#This Row],[Rohprotein '[g/100g']]]*0.85 -> 10.115 | H108: 0.2 | I108: =Tabelle1[[#This Row],[TS]]-Tabelle1[[#This Row],[Rohprotein '[g/100g']]]-Tabelle1[[#This Row],[Rohfett '[g/100g']]]-Tabelle1[[#This Row],[Rohasche '[g/100g']]]-Tabelle1[[#This Row],[Rohfaser '[g/100g']]] -> 3.2 | J108: 0 | K108: 1.2 | L108: 83.5 | M108: =100-Tabelle1[[#This Row],[Wasser '[g/100g']]] -> 16.5 | N108: 100 | O108: 170 | P108: 10 | Q108: 200 | R108: 120 | T108: 0.07 | U108: 0.5 | V108: 0 | W108: 26 | X108: 4 | Y108: 14 | AA108: 0 | AB108: 0 | AC108: 1.8 | AD108: 0.03 | AE108: 0.23 | AF108: 0.1 | AG108: 40 | AH108: 0.7 | AI108: 4.247 | AJ108: 2.7 | AK108: 26 | AL108: 4.5 | AM108: 3 | AN108: 0 | AO108: 0 | AP108: 0 | AQ108: 0 | AR108: 0 | AS108: 0.5 | AT108: 0.1 | AU108: 0.4 | AV108: 1.1 | AW108: 0.3 | AX108: =Tabelle1[[#This Row],[Vitamin D3 '[µg/100g']]]*40 -> 0 | AY108: =Tabelle1[[#This Row],[Vitamin A '[µg/100g']]]*3.33 -> 5.994 | AZ108: =Tabelle1[[#This Row],[Vitamin E '[mg/100g']]]*1.49 -> 0
A109: Milchprodukte | B109: M820200 | C109: Frischkäsezubereitung Natur, mind. 10 % Fett i. Tr. | D109: 86 | E109: =Tabelle1[[#This Row],[Energie '[kcal/100g']]]/239 -> 0.35983264 | F109: 11.6 | G109: =Tabelle1[[#This Row],[Rohprotein '[g/100g']]]*0.85 -> 9.86 | H109: 2.8 | I109: =Tabelle1[[#This Row],[TS]]-Tabelle1[[#This Row],[Rohprotein '[g/100g']]]-Tabelle1[[#This Row],[Rohfett '[g/100g']]]-Tabelle1[[#This Row],[Rohasche '[g/100g']]]-Tabelle1[[#This Row],[Rohfaser '[g/100g']]] -> 3 | J109: 0 | K109: 1.2 | L109: 81.4 | M109: =100-Tabelle1[[#This Row],[Wasser '[g/100g']]] -> 18.6 | N109: 100 | O109: 170 | P109: 10 | Q109: 200 | R109: 120 | T109: 0.07 | U109: 0.5 | V109: 0 | W109: 26 | X109: 3.9 | Y109: 14 | AA109: 0 | AB109: 0 | AC109: 115 | AD109: 0.03 | AE109: 0.23 | AF109: 0.1 | AG109: 40 | AH109: 0.7 | AI109: 4.137 | AJ109: 37.6 | AK109: 51.1 | AL109: 4.4 | AM109: 3 | AN109: 0 | AO109: 0 | AP109: 0 | AQ109: 0 | AR109: 0 | AS109: 0.5 | AT109: 0.1 | AU109: 0.3 | AV109: 1 | AW109: 0.3 | AX109: =Tabelle1[[#This Row],[Vitamin D3 '[µg/100g']]]*40 -> 0 | AY109: =Tabelle1[[#This Row],[Vitamin A '[µg/100g']]]*3.33 -> 382.95 | AZ109: =Tabelle1[[#This Row],[Vitamin E '[mg/100g']]]*1.49 -> 0
A110: Milchprodukte | B110: M820500 | C110: Frischkäsezubereitung Natur, mind. 40 % Fett i. Tr. | D110: 165 | E110: =Tabelle1[[#This Row],[Energie '[kcal/100g']]]/239 -> 0.69037657 | F110: 12.4 | G110: =Tabelle1[[#This Row],[Rohprotein '[g/100g']]]*0.85 -> 10.54 | H110: 11 | I110: =Tabelle1[[#This Row],[TS]]-Tabelle1[[#This Row],[Rohprotein '[g/100g']]]-Tabelle1[[#This Row],[Rohfett '[g/100g']]]-Tabelle1[[#This Row],[Rohasche '[g/100g']]]-Tabelle1[[#This Row],[Rohfaser '[g/100g']]] -> 2.845 | J110: 0 | K110: 0.8 | L110: 72.955 | M110: =100-Tabelle1[[#This Row],[Wasser '[g/100g']]] -> 27.045 | N110: 88 | O110: 139 | P110: 7 | Q110: 214 | R110: 82 | T110: 0.279 | U110: 0.465 | V110: 0 | W110: 20.4 | X110: 6 | Y110: 14 | AA110: 0.23 | AB110: 0.179 | AC110: 200 | AD110: 0.027 | AE110: 0.232 | AF110: 0.102 | AG110: 56 | AH110: 2 | AI110: 3.908 | AJ110: 88 | AK110: 28.4 | AL110: 5.9 | AM110: 3.067 | AN110: 0.1 | AO110: 0 | AP110: 0 | AQ110: 0.2 | AR110: 0.2 | AS110: 0.5 | AT110: 0.1 | AU110: 0.4 | AV110: 1.1 | AW110: 0.3 | AX110: =Tabelle1[[#This Row],[Vitamin D3 '[µg/100g']]]*40 -> 9.2 | AY110: =Tabelle1[[#This Row],[Vitamin A '[µg/100g']]]*3.33 -> 666 | AZ110: =Tabelle1[[#This Row],[Vitamin E '[mg/100g']]]*1.49 -> 0.26671
A111: Milchprodukte | B111: M820600 | C111: Frischkäsezubereitung Natur, mind. 45 % Fett i. Tr. | D111: 173 | E111: =Tabelle1[[#This Row],[Energie '[kcal/100g']]]/239 -> 0.72384937 | F111: 12.2 | G111: =Tabelle1[[#This Row],[Rohprotein '[g/100g']]]*0.85 -> 10.37 | H111: 12 | I111: =Tabelle1[[#This Row],[TS]]-Tabelle1[[#This Row],[Rohprotein '[g/100g']]]-Tabelle1[[#This Row],[Rohfett '[g/100g']]]-Tabelle1[[#This Row],[Rohasche '[g/100g']]]-Tabelle1[[#This Row],[Rohfaser '[g/100g']]] -> 2.875 | J111: 0 | K111: 0.79 | L111: 72.135 | M111: =100-Tabelle1[[#This Row],[Wasser '[g/100g']]] -> 27.865 | N111: 87 | O111: 138 | P111: 7 | Q111: 211 | R111: 81 | T111: 0.276 | U111: 0.459 | V111: 0 | W111: 20.2 | X111: 6 | Y111: 14 | AA111: 0.25 | AB111: 0.195 | AC111: 63 | AD111: 0.027 | AE111: 0.23 | AF111: 0.101 | AG111: 55 | AH111: 2 | AI111: 3.864 | AJ111: 96 | AK111: 14 | AL111: 5.9 | AM111: 3.032 | AN111: 0.1 | AO111: 0 | AP111: 0 | AQ111: 0.2 | AR111: 0.2 | AS111: 0.5 | AT111: 0.1 | AU111: 0.4 | AV111: 1.1 | AW111: 0.3 | AX111: =Tabelle1[[#This Row],[Vitamin D3 '[µg/100g']]]*40 -> 10 | AY111: =Tabelle1[[#This Row],[Vitamin A '[µg/100g']]]*3.33 -> 209.79 | AZ111: =Tabelle1[[#This Row],[Vitamin E '[mg/100g']]]*1.49 -> 0.29055
A112: Milchprodukte | B112: M710700 | C112: Frischkäsezubereitung Natur, mind. 50 % Fett i. Tr. | D112: 202 | E112: =Tabelle1[[#This Row],[Energie '[kcal/100g']]]/239 -> 0.84518828 | F112: 9.74 | G112: =Tabelle1[[#This Row],[Rohprotein '[g/100g']]]*0.85 -> 8.279 | H112: 16.61 | I112: =Tabelle1[[#This Row],[TS]]-Tabelle1[[#This Row],[Rohprotein '[g/100g']]]-Tabelle1[[#This Row],[Rohfett '[g/100g']]]-Tabelle1[[#This Row],[Rohasche '[g/100g']]]-Tabelle1[[#This Row],[Rohfaser '[g/100g']]] -> 3.42 | J112: 0 | K112: 1.33 | L112: 68.9 | M112: =100-Tabelle1[[#This Row],[Wasser '[g/100g']]] -> 31.1 | N112: 87.2 | O112: 132 | P112: 8.42 | Q112: 320 | R112: 112 | T112: 0.1 | U112: 0.515 | V112: 0 | W112: 10 | X112: 6.83 | Y112: 18 | AA112: 0 | AB112: 0.437 | AC112: 169 | AD112: 0.03 | AE112: 0.32 | AF112: 0.27 | AG112: 30 | AH112: 0.49 | AI112: 0 | AJ112: 12.3 | AK112: 16.7 | AL112: 1.85 | AM112: 2.73 | AN112: 0.091 | AO112: 0.01 | AP112: 0.002 | AQ112: 0.333 | AR112: 0.287 | AS112: 0.38 | AT112: 0.1 | AU112: 0.29 | AV112: 0.86 | AW112: 0.26 | AX112: =Tabelle1[[#This Row],[Vitamin D3 '[µg/100g']]]*40 -> 0 | AY112: =Tabelle1[[#This Row],[Vitamin A '[µg/100g']]]*3.33 -> 562.77 | AZ112: =Tabelle1[[#This Row],[Vitamin E '[mg/100g']]]*1.49 -> 0.65113
A113: Milchprodukte | B113: M710800 | C113: Frischkäsezubereitung Natur, mind. 60 % Fett i. Tr. | D113: 252 | E113: =Tabelle1[[#This Row],[Energie '[kcal/100g']]]/239 -> 1.0543933 | F113: 6.6 | G113: =Tabelle1[[#This Row],[Rohprotein '[g/100g']]]*0.85 -> 5.61 | H113: 23.25 | I113: =Tabelle1[[#This Row],[TS]]-Tabelle1[[#This Row],[Rohprotein '[g/100g']]]-Tabelle1[[#This Row],[Rohfett '[g/100g']]]-Tabelle1[[#This Row],[Rohasche '[g/100g']]]-Tabelle1[[#This Row],[Rohfaser '[g/100g']]] -> 3.27 | J113: 0 | K113: 1.28 | L113: 65.6 | M113: =100-Tabelle1[[#This Row],[Wasser '[g/100g']]] -> 34.4 | N113: 91.4 | O113: 95.8 | P113: 7.9 | Q113: 284.5 | R113: 111.5 | T113: 0.049 | U113: 0.44 | V113: 0 | W113: 9.6 | X113: 3 | Y113: 20 | AA113: 0 | AB113: 0.55 | AC113: 215 | AD113: 0 | AE113: 0.2 | AF113: 0 | AG113: 100 | AH113: 0 | AI113: 0 | AJ113: 12.3 | AK113: 2.7 | AL113: 1.85 | AM113: 3.69 | AN113: 0.131 | AO113: 0 | AP113: 0 | AQ113: 0.5069 | AR113: 0.4263 | AS113: 0.206 | AT113: 0.04 | AU113: 0.16 | AV113: 0.484 | AW113: 0.132 | AX113: =Tabelle1[[#This Row],[Vitamin D3 '[µg/100g']]]*40 -> 0 | AY113: =Tabelle1[[#This Row],[Vitamin A '[µg/100g']]]*3.33 -> 715.95 | AZ113: =Tabelle1[[#This Row],[Vitamin E '[mg/100g']]]*1.49 -> 0.8195
A114: Kohlenhydrate | B114: E811032 | C114: Frischteigwaren eifrei, gekocht | D114: 82 | E114: =Tabelle1[[#This Row],[Energie '[kcal/100g']]]/239 -> 0.34309623 | F114: 3.6 | G114: =Tabelle1[[#This Row],[Rohprotein '[g/100g']]]*0.85 -> 3.06 | H114: 1.55 | I114: =Tabelle1[[#This Row],[TS]]-Tabelle1[[#This Row],[Rohprotein '[g/100g']]]-Tabelle1[[#This Row],[Rohfett '[g/100g']]]-Tabelle1[[#This Row],[Rohasche '[g/100g']]]-Tabelle1[[#This Row],[Rohfaser '[g/100g']]] -> 12.76 | J114: 0 | K114: 0.79 | L114: 81.3 | M114: =100-Tabelle1[[#This Row],[Wasser '[g/100g']]] -> 18.7 | N114: 8 | O114: 28 | P114: 9.2 | Q114: 123 | R114: 25 | T114: 0.2 | U114: 0.27 | V114: 0 | W114: 60 | X114: 181 | Y114: 0 | AA114: 0 | AB114: 0.793 | AC114: 0 | AD114: 0.04 | AE114: 0.01 | AF114: 0.48 | AG114: 41 | AH114: 0 | AI114: 0 | AJ114: 0 | AK114: 4.1 | AL114: 0.4 | AM114: 0 | AN114: 0 | AO114: 0 | AP114: 0 | AQ114: 0.8 | AR114: 0.8 | AS114: 0.1 | AT114: 0.1 | AU114: 0.1 | AV114: 0.1 | AW114: 0.1 | AX114: =Tabelle1[[#This Row],[Vitamin D3 '[µg/100g']]]*40 -> 0 | AY114: =Tabelle1[[#This Row],[Vitamin A '[µg/100g']]]*3.33 -> 0 | AZ114: =Tabelle1[[#This Row],[Vitamin E '[mg/100g']]]*1.49 -> 1.18157
A115: Kohlenhydrate | B115: E811000 | C115: Frischteigwaren eifrei, roh | D115: 145 | E115: =Tabelle1[[#This Row],[Energie '[kcal/100g']]]/239 -> 0.60669456 | F115: 6.2 | G115: =Tabelle1[[#This Row],[Rohprotein '[g/100g']]]*0.85 -> 5.27 | H115: 2.65 | I115: =Tabelle1[[#This Row],[TS]]-Tabelle1[[#This Row],[Rohprotein '[g/100g']]]-Tabelle1[[#This Row],[Rohfett '[g/100g']]]-Tabelle1[[#This Row],[Rohasche '[g/100g']]]-Tabelle1[[#This Row],[Rohfaser '[g/100g']]] -> 23.7 | J115: 0 | K115: 1.35 | L115: 66.1 | M115: =100-Tabelle1[[#This Row],[Wasser '[g/100g']]] -> 33.9 | N115: 15 | O115: 51 | P115: 18.5 | Q115: 422 | R115: 70 | T115: 0.5 | U115: 0.47 | V115: 0 | W115: 120 | X115: 310 | Y115: 0 | AA115: 0 | AB115: 1.356 | AC115: 0 | AD115: 0.09 | AE115: 0.02 | AF115: 0.91 | AG115: 78 | AH115: 0 | AI115: 0 | AJ115: 0 | AK115: 10.1 | AL115: 0.68 | AM115: 0 | AN115: 0 | AO115: 0 | AP115: 0 | AQ115: 1.4 | AR115: 1.4 | AS115: 0.2 | AT115: 0.1 | AU115: 0.1 | AV115: 0.1 | AW115: 0.1 | AX115: =Tabelle1[[#This Row],[Vitamin D3 '[µg/100g']]]*40 -> 0 | AY115: =Tabelle1[[#This Row],[Vitamin A '[µg/100g']]]*3.33 -> 0 | AZ115: =Tabelle1[[#This Row],[Vitamin E '[mg/100g']]]*1.49 -> 2.02044
A116: Fleisch | B116: V474162 | C116: Gans Fleisch, mit Haut, gebraten ohne Fett (Ofen) | D116: 257 | E116: =Tabelle1[[#This Row],[Energie '[kcal/100g']]]/239 -> 1.0753138 | F116: 22.73 | G116: =Tabelle1[[#This Row],[Rohprotein '[g/100g']]]*0.85 -> 19.3205 | H116: 18.507 | I116: =Tabelle1[[#This Row],[TS]]-Tabelle1[[#This Row],[Rohprotein '[g/100g']]]-Tabelle1[[#This Row],[Rohfett '[g/100g']]]-Tabelle1[[#This Row],[Rohasche '[g/100g']]]-Tabelle1[[#This Row],[Rohfaser '[g/100g']]] -> -3.9968029e-15 | J116: 0 | K116: 1.142 | L116: 57.621 | M116: =100-Tabelle1[[#This Row],[Wasser '[g/100g']]] -> 42.379 | N116: 18 | O116: 233 | P116: 29 | Q116: 109 | R116: 564 | T116: 2.694 | U116: 1.94 | V116: 0 | W116: 419 | X116: 75 | Y116: 4 | AA116: 0.2 | AB116: 0.5101 | AC116: 39 | AD116: 0.116 | AE116: 0.349 | AF116: 7.642 | AG116: 563 | AH116: 0.07 | AI116: 8.6 | AJ116: 3.48 | AK116: 3 | AL116: 0.88 | AM116: 0 | AN116: 0.113 | AO116: 0.003 | AP116: 0 | AQ116: 1.833 | AR116: 1.833 | AS116: 1.419 | AT116: 0 | AU116: 0.637 | AV116: 1.795 | AW116: 0.55 | AX116: =Tabelle1[[#This Row],[Vitamin D3 '[µg/100g']]]*40 -> 8 | AY116: =Tabelle1[[#This Row],[Vitamin A '[µg/100g']]]*3.33 -> 129.87 | AZ116: =Tabelle1[[#This Row],[Vitamin E '[mg/100g']]]*1.49 -> 0.760049
A117: Fleisch | B117: V474182 | C117: Gans Fleisch, mit Haut, gebraten ohne Fett (Pfanne) | D117: 296 | E117: =Tabelle1[[#This Row],[Energie '[kcal/100g']]]/239 -> 1.2384937 | F117: 24.173 | G117: =Tabelle1[[#This Row],[Rohprotein '[g/100g']]]*0.85 -> 20.54705 | H117: 22.143 | I117: =Tabelle1[[#This Row],[TS]]-Tabelle1[[#This Row],[Rohprotein '[g/100g']]]-Tabelle1[[#This Row],[Rohfett '[g/100g']]]-Tabelle1[[#This Row],[Rohasche '[g/100g']]]-Tabelle1[[#This Row],[Rohfaser '[g/100g']]] -> 2.220446e-15 | J117: 0 | K117: 1.214 | L117: 52.47 | M117: =100-Tabelle1[[#This Row],[Wasser '[g/100g']]] -> 47.53 | N117: 19 | O117: 248 | P117: 31 | Q117: 116 | R117: 600 | T117: 2.865 | U117: 2.063 | V117: 0 | W117: 445 | X117: 79 | Y117: 5 | AA117: 0.4 | AB117: 1.0173 | AC117: 77 | AD117: 0.133 | AE117: 0.371 | AF117: 8.635 | AG117: 598 | AH117: 0.09 | AI117: 9.1 | AJ117: 6.94 | AK117: 3 | AL117: 0.93 | AM117: 0 | AN117: 0.136 | AO117: 0.003 | AP117: 0 | AQ117: 2.193 | AR117: 2.193 | AS117: 1.509 | AT117: 0 | AU117: 0.677 | AV117: 1.909 | AW117: 0.585 | AX117: =Tabelle1[[#This Row],[Vitamin D3 '[µg/100g']]]*40 -> 16 | AY117: =Tabelle1[[#This Row],[Vitamin A '[µg/100g']]]*3.33 -> 256.41 | AZ117: =Tabelle1[[#This Row],[Vitamin E '[mg/100g']]]*1.49 -> 1.515777
... A194: Kohlenhydrate | B194: C332000 | C194: Hirse roh | D194: 352 | E194: =Tabelle1[[#This Row],[Energie '[kcal/100g']]]/239 -> 1.4728033 | F194: 11.79 | G194: =Tabelle1[[#This Row],[Rohprotein '[g/100g']]]*0.85 -> 10.0215 | H194: 3.13 | I194: =Tabelle1[[#This Row],[TS]]-Tabelle1[[#This Row],[Rohprotein '[g/100g']]]-Tabelle1[[#This Row],[Rohfett '[g/100g']]]-Tabelle1[[#This Row],[Rohasche '[g/100g']]]-Tabelle1[[#This Row],[Rohfaser '[g/100g']]] -> 72.07 | J194: 0 | K194: 1.01 | L194: 12 | M194: =100-Tabelle1[[#This Row],[Wasser '[g/100g']]] -> 88 | N194: 8.2 | O194: 227.3 | P194: 94.2 | Q194: 0.4 | R194: 169.5 | T194: 2.7308 | U194: 2.9047 | V194: 0 | W194: 464.9 | X194: 672 | Y194: 2.5 | AA194: 0 | AB194: 0.1 | AC194: 0 | AD194: 0.415564 | AE194: 0.061053 | AF194: 0.38 | AG194: 519 | AH194: 0 | AI194: 0 | AJ194: 0.122 | AK194: 3 | AL194: 0.7 | AM194: 0 | AN194: 0.0927 | AO194: 0 | AP194: 0 | AQ194: 1.29 | AR194: 1.29 | AS194: 0.35 | AT194: 0.18 | AU194: 0.22 | AV194: 0.14 | AW194: 0.34 | AX194: =Tabelle1[[#This Row],[Vitamin D3 '[µg/100g']]]*40 -> 0 | AY194: =Tabelle1[[#This Row],[Vitamin A '[µg/100g']]]*3.33 -> 0 | AZ194: =Tabelle1[[#This Row],[Vitamin E '[mg/100g']]]*1.49 -> 0.149
A195: Nassfutter | C195: Hopey's Pferd Pur mit Brühe ohne Innereien | D195: 116 | E195: 0.49 | F195: 14.9 | G195: 12.7 | H195: 7.5 | I195: 0 | J195: 0.7 | K195: 1.4 | L195: 78 | M195: 22 | N195: 0 | O195: 0 | P195: 0 | Q195: 0 | R195: 0 | S195: 0 | T195: 0 | U195: 0 | V195: 0 | W195: 0 | X195: 0 | Y195: 0 | Z195: 0 | AA195: 0 | AB195: 0 | AC195: 0 | AD195: 0 | AE195: 0 | AF195: 0 | AG195: 0 | AH195: 0 | AI195: 0 | AJ195: 0 | AK195: 0 | AL195: 0 | AM195: 0 | AN195: 0 | AO195: 0 | AP195: 0 | AQ195: 0 | AR195: 0 | AS195: 0 | AT195: 0 | AU195: 0 | AV195: 0 | AW195: 0 | AX195: 0 | AY195: 0 | AZ195: 0
A196: Nassfutter | C196: Hopey's Pferd Pur ohne Innereien | D196: 147 | E196: 0.62 | F196: 16 | G196: 13.6 | H196: 9.5 | I196: 2.6 | J196: 0.4 | K196: 1.5 | L196: 70 | M196: 30 | N196: 11.2 | O196: 178.6 | P196: 0 | Q196: 0 | R196: 0 | S196: 0 | T196: 0 | U196: 0 | V196: 0 | W196: 0 | X196: 0 | Y196: 0 | Z196: 0 | AA196: 0 | AB196: 0 | AC196: 0 | AD196: 0 | AE196: 0 | AF196: 0 | AG196: 0 | AH196: 0 | AI196: 0 | AJ196: 0 | AK196: 0 | AL196: 0 | AM196: 0 | AN196: 0 | AO196: 0 | AP196: 0 | AQ196: 0 | AR196: 0 | AS196: 0 | AT196: 0 | AU196: 0 | AV196: 0 | AW196: 0 | AX196: 0 | AY196: 0 | AZ196: 0
A197: Eier | B197: E112162 | C197: Hühnerei Eigelb, gebacken | D197: 414 | E197: =Tabelle1[[#This Row],[Energie '[kcal/100g']]]/239 -> 1.7322176 | F197: 18.4 | G197: =Tabelle1[[#This Row],[Rohprotein '[g/100g']]]*0.85 -> 15.64 | H197: 37.711 | I197: =Tabelle1[[#This Row],[TS]]-Tabelle1[[#This Row],[Rohprotein '[g/100g']]]-Tabelle1[[#This Row],[Rohfett '[g/100g']]]-Tabelle1[[#This Row],[Rohasche '[g/100g']]]-Tabelle1[[#This Row],[Rohfaser '[g/100g']]] -> 0.461 | J197: 0 | K197: 1.928 | L197: 41.5 | M197: =100-Tabelle1[[#This Row],[Wasser '[g/100g']]] -> 58.5 | N197: 180 | O197: 711 | P197: 14 | Q197: 63 | R197: 149 | T197: 7.518 | U197: 4.855 | V197: 0 | W197: 193 | X197: 133 | Y197: 113 | AA197: 8 | AB197: 6.217 | AC197: 0 | AD197: 0.11 | AE197: 0.618 | AF197: 0.046 | AG197: 284 | AH197: 8.9 | AI197: 0 | AJ197: 64 | AK197: 9 | AL197: 69 | AM197: 0 | AN197: 0.52 | AO197: 0 | AP197: 0 | AQ197: 5.3 | AR197: 4.71 | AS197: 1.275 | AT197: 0.272 | AU197: 0.472 | AV197: 1.476 | AW197: 0.472 | AX197: =Tabelle1[[#This Row],[Vitamin D3 '[µg/100g']]]*40 -> 320 | AY197: =Tabelle1[[#This Row],[Vitamin A '[µg/100g']]]*3.33 -> 0 | AZ197: =Tabelle1[[#This Row],[Vitamin E '[mg/100g']]]*1.49 -> 9.26333
A198: Eier | B198: E112182 | C198: Hühnerei Eigelb, gebraten ohne Fett (Pfanne) | D198: 386 | E198: =Tabelle1[[#This Row],[Energie '[kcal/100g']]]/239 -> 1.6150628 | F198: 17.2 | G198: =Tabelle1[[#This Row],[Rohprotein '[g/100g']]]*0.85 -> 14.62 | H198: 35.169 | I198: =Tabelle1[[#This Row],[TS]]-Tabelle1[[#This Row],[Rohprotein '[g/100g']]]-Tabelle1[[#This Row],[Rohfett '[g/100g']]]-Tabelle1[[#This Row],[Rohasche '[g/100g']]]-Tabelle1[[#This Row],[Rohfaser '[g/100g']]] -> 0.433 | J198: 0 | K198: 1.798 | L198: 45.4 | M198: =100-Tabelle1[[#This Row],[Wasser '[g/100g']]] -> 54.6 | N198: 167 | O198: 663 | P198: 13 | Q198: 58 | R198: 139 | T198: 7.011 | U198: 4.528 | V198: 0 | W198: 180 | X198: 124 | Y198: 106 | AA198: 7 | AB198: 5.624 | AC198: 0 | AD198: 0.109 | AE198: 0.563 | AF198: 0.043 | AG198: 281 | AH198: 8.67 | AI198: 0 | AJ198: 60 | AK198: 96 | AL198: 64.3 | AM198: 0 | AN198: 0.5 | AO198: 0 | AP198: 0 | AQ198: 4.95 | AR198: 4.392 | AS198: 1.189 | AT198: 0.253 | AU198: 0.44 | AV198: 1.376 | AW198: 0.44 | AX198: =Tabelle1[[#This Row],[Vitamin D3 '[µg/100g']]]*40 -> 280 | AY198: =Tabelle1[[#This Row],[Vitamin A '[µg/100g']]]*3.33 -> 0 | AZ198: =Tabelle1[[#This Row],[Vitamin E '[mg/100g']]]*1.49 -> 8.37976
A199: Eier | B199: E112132 | C199: Hühnerei Eigelb, gekocht | D199: 345 | E199: =Tabelle1[[#This Row],[Energie '[kcal/100g']]]/239 -> 1.4435146 | F199: 15.6 | G199: =Tabelle1[[#This Row],[Rohprotein '[g/100g']]]*0.85 -> 13.26 | H199: 31.3 | I199: =Tabelle1[[#This Row],[TS]]-Tabelle1[[#This Row],[Rohprotein '[g/100g']]]-Tabelle1[[#This Row],[Rohfett '[g/100g']]]-Tabelle1[[#This Row],[Rohasche '[g/100g']]]-Tabelle1[[#This Row],[Rohfaser '[g/100g']]] -> 0.4 | J199: 0 | K199: 1.6 | L199: 51.1 | M199: =100-Tabelle1[[#This Row],[Wasser '[g/100g']]] -> 48.9 | N199: 149 | O199: 590 | P199: 12 | Q199: 52 | R199: 124 | T199: 6.24 | U199: 4.03 | V199: 0 | W199: 160 | X199: 108 | Y199: 94 | AA199: 7 | AB199: 5.16 | AC199: 261.9 | AD199: 0.094 | AE199: 0.531 | AF199: 0.037 | AG199: 250 | AH199: 7.22 | AI199: 0 | AJ199: 53 | AK199: 231 | AL199: 50.9 | AM199: 0 | AN199: 0.44 | AO199: 0 | AP199: 0.059 | AQ199: 4.4 | AR199: 3.909 | AS199: 1.08 | AT199: 0.23 | AU199: 0.4 | AV199: 1.25 | AW199: 0.4 | AX199: =Tabelle1[[#This Row],[Vitamin D3 '[µg/100g']]]*40 -> 280 | AY199: =Tabelle1[[#This Row],[Vitamin A '[µg/100g']]]*3.33 -> 872.127 | AZ199: =Tabelle1[[#This Row],[Vitamin E '[mg/100g']]]*1.49 -> 7.6884
A200: Eier | B200: E112400 | C200: Hühnerei Eigelb, getrocknet | D200: 671 | E200: =Tabelle1[[#This Row],[Energie '[kcal/100g']]]/239 -> 2.8075314 | F200: 34.2 | G200: =Tabelle1[[#This Row],[Rohprotein '[g/100g']]]*0.85 -> 29.07 | H200: 59.3 | I200: =Tabelle1[[#This Row],[TS]]-Tabelle1[[#This Row],[Rohprotein '[g/100g']]]-Tabelle1[[#This Row],[Rohfett '[g/100g']]]-Tabelle1[[#This Row],[Rohasche '[g/100g']]]-Tabelle1[[#This Row],[Rohfaser '[g/100g']]] -> -0.4 | J200: 0 | K200: 3.5 | L200: 3.4 | M200: =100-Tabelle1[[#This Row],[Wasser '[g/100g']]] -> 96.6 | N200: 282 | O200: 1011 | P200: 28 | Q200: 91 | R200: 267 | T200: 13.8 | U200: 6.87 | V200: 0 | W200: 0 | X200: 242 | Y200: 349 | AA200: 0 | AB200: 6.15 | AC200: 1060 | AD200: 0.5 | AE200: 0.66 | AF200: 0.1 | AG200: 580 | AH200: 6.2 | AI200: 0.0015 | AJ200: 0 | AK200: 213 | AL200: 110 | AM200: 0 | AN200: 0.81 | AO200: 0 | AP200: 0.302 | AQ200: 7.49 | AR200: 7.1 | AS200: 2.34 | AT200: 0.588 | AU200: 0.861 | AV200: 2.47 | AW200: 0.858 | AX200: =Tabelle1[[#This Row],[Vitamin D3 '[µg/100g']]]*40 -> 0 | AY200: =Tabelle1[[#This Row],[Vitamin A '[µg/100g']]]*3.33 -> 3529.8 | AZ200: =Tabelle1[[#This Row],[Vitamin E '[mg/100g']]]*1.49 -> 9.1635
A201: Eier | B201: E112500 | C201: Hühnerei Eigelb, Pulver | D201: 671 | E201: =Tabelle1[[#This Row],[Energie '[kcal/100g']]]/239 -> 2.8075314 | F201: 34.2 | G201: =Tabelle1[[#This Row],[Rohprotein '[g/100g']]]*0.85 -> 29.07 | H201: 59.3 | I201: =Tabelle1[[#This Row],[TS]]-Tabelle1[[#This Row],[Rohprotein '[g/100g']]]-Tabelle1[[#This Row],[Rohfett '[g/100g']]]-Tabelle1[[#This Row],[Rohasche '[g/100g']]]-Tabelle1[[#This Row],[Rohfaser '[g/100g']]] -> -0.4 | J201: 0 | K201: 3.5 | L201: 3.4 | M201: =100-Tabelle1[[#This Row],[Wasser '[g/100g']]] -> 96.6 | N201: 282 | O201: 1011 | P201: 28 | Q201: 91 | R201: 267 | T201: 13.8 | U201: 6.87 | V201: 0 | W201: 0 | X201: 242 | Y201: 349 | AA201: 0 | AB201: 6.15 | AC201: 0 | AD201: 0.5 | AE201: 0.66 | AF201: 0.1 | AG201: 580 | AH201: 6.2 | AI201: 0.0015 | AJ201: 0 | AK201: 96 | AL201: 110 | AM201: 0 | AN201: 0.812 | AO201: 0 | AP201: 0 | AQ201: 7.489 | AR201: 7.098 | AS201: 2.4 | AT201: 0.6 | AU201: 0.9 | AV201: 2.5 | AW201: 0.9 | AX201: =Tabelle1[[#This Row],[Vitamin D3 '[µg/100g']]]*40 -> 0 | AY201: =Tabelle1[[#This Row],[Vitamin A '[µg/100g']]]*3.33 -> 0 | AZ201: =Tabelle1[[#This Row],[Vitamin E '[mg/100g']]]*1.49 -> 9.1635
A202: Eier | B202: E112100 | C202: Hühnerei Eigelb, roh | D202: 345 | E202: =Tabelle1[[#This Row],[Energie '[kcal/100g']]]/239 -> 1.4435146 | F202: 15.6 | G202: =Tabelle1[[#This Row],[Rohprotein '[g/100g']]]*0.85 -> 13.26 | H202: 31.3 | I202: =Tabelle1[[#This Row],[TS]]-Tabelle1[[#This Row],[Rohprotein '[g/100g']]]-Tabelle1[[#This Row],[Rohfett '[g/100g']]]-Tabelle1[[#This Row],[Rohasche '[g/100g']]]-Tabelle1[[#This Row],[Rohfaser '[g/100g']]] -> 0.4 | J202: 0 | K202: 1.6 | L202: 51.1 | M202: =100-Tabelle1[[#This Row],[Wasser '[g/100g']]] -> 48.9 | N202: 149 | O202: 590 | P202: 12 | Q202: 52 | R202: 124 | T202: 6.24 | U202: 4.03 | V202: 0 | W202: 160 | X202: 110 | Y202: 99 | AA202: 7 | AB202: 5.16 | AC202: 256.6 | AD202: 0.11 | AE202: 0.59 | AF202: 0.04 | AG202: 284 | AH202: 8.21 | AI202: 0 | AJ202: 53 | AK202: 189 | AL202: 63.6 | AM202: 0 | AN202: 0.44 | AO202: 0 | AP202: 0.059 | AQ202: 4.4 | AR202: 3.909 | AS202: 1.08 | AT202: 0.23 | AU202: 0.4 | AV202: 1.25 | AW202: 0.4 | AX202: =Tabelle1[[#This Row],[Vitamin D3 '[µg/100g']]]*40 -> 280 | AY202: =Tabelle1[[#This Row],[Vitamin A '[µg/100g']]]*3.33 -> 854.478 | AZ202: =Tabelle1[[#This Row],[Vitamin E '[mg/100g']]]*1.49 -> 7.6884
A203: Eier | B203: E113162 | C203: Hühnerei Eiklar, gebacken | D203: 49 | E203: =Tabelle1[[#This Row],[Energie '[kcal/100g']]]/239 -> 0.20502092 | F203: 11.7 | G203: =Tabelle1[[#This Row],[Rohprotein '[g/100g']]]*0.85 -> 9.945 | H203: 0.036 | I203: =Tabelle1[[#This Row],[TS]]-Tabelle1[[#This Row],[Rohprotein '[g/100g']]]-Tabelle1[[#This Row],[Rohfett '[g/100g']]]-Tabelle1[[#This Row],[Rohasche '[g/100g']]]-Tabelle1[[#This Row],[Rohfaser '[g/100g']]] -> 1.421 | J203: 0 | K203: 0.843 | L203: 86 | M203: =100-Tabelle1[[#This Row],[Wasser '[g/100g']]] -> 14 | N203: 7 | O203: 25 | P203: 14 | Q203: 223 | R203: 180 | T203: 0.012 | U203: 0.012 | V203: 0 | W203: 24 | X203: 48 | Y203: 3 | AA203: 0 | AB203: 0 | AC203: 18 | AD203: 0.02 | AE203: 0.44 | AF203: 0.046 | AG203: 33 | AH203: 0.36 | AI203: 0.325 | AJ203: 1 | AK203: 6 | AL203: 6.1 | AM203: 0 | AN203: 0 | AO203: 0.01 | AP203: 0 | AQ203: 0 | AR203: 0 | AS203: 0.75 | AT203: 0.307 | AU203: 0.307 | AV203: 0.941 | AW203: 0.518 | AX203: =Tabelle1[[#This Row],[Vitamin D3 '[µg/100g']]]*40 -> 0 | AY203: =Tabelle1[[#This Row],[Vitamin A '[µg/100g']]]*3.33 -> 59.94 | AZ203: =Tabelle1[[#This Row],[Vitamin E '[mg/100g']]]*1.49 -> 0
A204: Eier | B204: E113182 | C204: Hühnerei Eiklar, gebraten ohne Fett (Pfanne) | D204: 46 | E204: =Tabelle1[[#This Row],[Energie '[kcal/100g']]]/239 -> 0.19246862 | F204: 10.9 | G204: =Tabelle1[[#This Row],[Rohprotein '[g/100g']]]*0.85 -> 9.265 | H204: 0.034 | I204: =Tabelle1[[#This Row],[TS]]-Tabelle1[[#This Row],[Rohprotein '[g/100g']]]-Tabelle1[[#This Row],[Rohfett '[g/100g']]]-Tabelle1[[#This Row],[Rohasche '[g/100g']]]-Tabelle1[[#This Row],[Rohfaser '[g/100g']]] -> 1.379 | J204: 0 | K204: 0.787 | L204: 86.9 | M204: =100-Tabelle1[[#This Row],[Wasser '[g/100g']]] -> 13.1 | N204: 7 | O204: 24 | P204: 13 | Q204: 208 | R204: 167 | T204: 0.011 | U204: 0.011 | V204: 0 | W204: 22 | X204: 45 | Y204: 3 | AA204: 0 | AB204: 0 | AC204: 742 | AD204: 0.02 | AE204: 0.401 | AF204: 0.043 | AG204: 33 | AH204: 0.35 | AI204: 0.287 | AJ204: 1 | AK204: 117 | AL204: 5.7 | AM204: 0 | AN204: 0 | AO204: 0 | AP204: 0.25 | AQ204: 0 | AR204: 0 | AS204: 0.699 | AT204: 0.286 | AU204: 0.286 | AV204: 0.878 | AW204: 0.483 | AX204: =Tabelle1[[#This Row],[Vitamin D3 '[µg/100g']]]*40 -> 0 | AY204: =Tabelle1[[#This Row],[Vitamin A '[µg/100g']]]*3.33 -> 2470.86 | AZ204: =Tabelle1[[#This Row],[Vitamin E '[mg/100g']]]*1.49 -> 0
A205: Eier | B205: E113132 | C205: Hühnerei Eiklar, gekocht | D205: 42 | E205: =Tabelle1[[#This Row],[Energie '[kcal/100g']]]/239 -> 0.17573222 | F205: 9.9 | G205: =Tabelle1[[#This Row],[Rohprotein '[g/100g']]]*0.85 -> 8.415 | H205: 0.03 | I205: =Tabelle1[[#This Row],[TS]]-Tabelle1[[#This Row],[Rohprotein '[g/100g']]]-Tabelle1[[#This Row],[Rohfett '[g/100g']]]-Tabelle1[[#This Row],[Rohasche '[g/100g']]]-Tabelle1[[#This Row],[Rohfaser '[g/100g']]] -> 1.37 | J205: 0 | K205: 0.7 | L205: 88 | M205: =100-Tabelle1[[#This Row],[Wasser '[g/100g']]] -> 12 | N205: 6 | O205: 21 | P205: 12 | Q205: 185 | R205: 149 | T205: 0.01 | U205: 0.01 | V205: 0 | W205: 20 | X205: 39 | Y205: 3 | AA205: 0 | AB205: 0 | AC205: 0 | AD205: 0.017 | AE205: 0.378 | AF205: 0.037 | AG205: 29 | AH205: 0.29 | AI205: 0.261 | AJ205: 1 | AK205: 7 | AL205: 4.5 | AM205: 0 | AN205: 0 | AO205: 0 | AP205: 0 | AQ205: 0 | AR205: 0 | AS205: 0.635 | AT205: 0.26 | AU205: 0.26 | AV205: 0.797 | AW205: 0.439 | AX205: =Tabelle1[[#This Row],[Vitamin D3 '[µg/100g']]]*40 -> 0 | AY205: =Tabelle1[[#This Row],[Vitamin A '[µg/100g']]]*3.33 -> 0 | AZ205: =Tabelle1[[#This Row],[Vitamin E '[mg/100g']]]*1.49 -> 0
A206: Eier | B206: E113400 | C206: Hühnerei Eiklar, getrocknet | D206: 338 | E206: =Tabelle1[[#This Row],[Energie '[kcal/100g']]]/239 -> 1.4142259 | F206: 81.1 | G206: =Tabelle1[[#This Row],[Rohprotein '[g/100g']]]*0.85 -> 68.935 | H206: 0.12 | I206: =Tabelle1[[#This Row],[TS]]-Tabelle1[[#This Row],[Rohprotein '[g/100g']]]-Tabelle1[[#This Row],[Rohfett '[g/100g']]]-Tabelle1[[#This Row],[Rohasche '[g/100g']]]-Tabelle1[[#This Row],[Rohfaser '[g/100g']]] -> 4.3 | J206: 0 | K206: 5.46 | L206: 9.02 | M206: =100-Tabelle1[[#This Row],[Wasser '[g/100g']]] -> 90.98 | N206: 84 | O206: 110 | P206: 72 | Q206: 1420 | R206: 1070 | T206: 0.9 | U206: 0.15 | V206: 0 | W206: 0 | X206: 287 | Y206: 26 | AA206: 0 | AB206: 0 | AC206: 270.7 | AD206: 0.037 | AE206: 2.05 | AF206: 0.7 | AG206: 24 | AH206: 0.53 | AI206: 0 | AJ206: 0 | AK206: 187 | AL206: 57 | AM206: 0 | AN206: 0 | AO206: 0 | AP206: 0.066 | AQ206: 0 | AR206: 0 | AS206: 4.41 | AT206: 2.1 | AU206: 1.83 | AV206: 5.52 | AW206: 2.79 | AX206: =Tabelle1[[#This Row],[Vitamin D3 '[µg/100g']]]*40 -> 0 | AY206: =Tabelle1[[#This Row],[Vitamin A '[µg/100g']]]*3.33 -> 901.431 | AZ206: =Tabelle1[[#This Row],[Vitamin E '[mg/100g']]]*1.49 -> 0
A207: Eier | B207: E108122 | C207: Hühnerei Eiklar, pochiert | D207: 42 | E207: =Tabelle1[[#This Row],[Energie '[kcal/100g']]]/239 -> 0.17573222 | F207: 10.1 | G207: =Tabelle1[[#This Row],[Rohprotein '[g/100g']]]*0.85 -> 8.585 | H207: 0.031 | I207: =Tabelle1[[#This Row],[TS]]-Tabelle1[[#This Row],[Rohprotein '[g/100g']]]-Tabelle1[[#This Row],[Rohfett '[g/100g']]]-Tabelle1[[#This Row],[Rohasche '[g/100g']]]-Tabelle1[[#This Row],[Rohfaser '[g/100g']]] -> 1.355 | J207: 0 | K207: 0.714 | L207: 87.8 | M207: =100-Tabelle1[[#This Row],[Wasser '[g/100g']]] -> 12.2 | N207: 6 | O207: 21 | P207: 12 | Q207: 189 | R207: 152 | T207: 0.01 | U207: 0.01 | V207: 0 | W207: 20 | X207: 40 | Y207: 3 | AA207: 0 | AB207: 0 | AC207: 671 | AD207: 0.016 | AE207: 0.364 | AF207: 0.035 | AG207: 29 | AH207: 0.27 | AI207: 0.245 | AJ207: 1 | AK207: 123 | AL207: 4.6 | AM207: 0 | AN207: 0 | AO207: 0 | AP207: 0.21 | AQ207: 0 | AR207: 0 | AS207: 0.648 | AT207: 0.265 | AU207: 0.265 | AV207: 0.813 | AW207: 0.448 | AX207: =Tabelle1[[#This Row],[Vitamin D3 '[µg/100g']]]*40 -> 0 | AY207: =Tabelle1[[#This Row],[Vitamin A '[µg/100g']]]*3.33 -> 2234.43 | AZ207: =Tabelle1[[#This Row],[Vitamin E '[mg/100g']]]*1.49 -> 0
A208: Eier | B208: E113500 | C208: Hühnerei Eiklar, Pulver | D208: 338 | E208: =Tabelle1[[#This Row],[Energie '[kcal/100g']]]/239 -> 1.4142259 | F208: 81.1 | G208: =Tabelle1[[#This Row],[Rohprotein '[g/100g']]]*0.85 -> 68.935 | H208: 0.12 | I208: =Tabelle1[[#This Row],[TS]]-Tabelle1[[#This Row],[Rohprotein '[g/100g']]]-Tabelle1[[#This Row],[Rohfett '[g/100g']]]-Tabelle1[[#This Row],[Rohasche '[g/100g']]]-Tabelle1[[#This Row],[Rohfaser '[g/100g']]] -> 4.3 | J208: 0 | K208: 5.46 | L208: 9.02 | M208: =100-Tabelle1[[#This Row],[Wasser '[g/100g']]] -> 90.98 | N208: 84 | O208: 110 | P208: 72 | Q208: 1420 | R208: 1070 | T208: 0.9 | U208: 0.15 | V208: 0 | W208: 0 | X208: 287 | Y208: 26 | AA208: 0 | AB208: 0 | AC208: 256.6 | AD208: 0.037 | AE208: 2.05 | AF208: 0.7 | AG208: 24 | AH208: 0.53 | AI208: 0 | AJ208: 0 | AK208: 62 | AL208: 57 | AM208: 0 | AN208: 0 | AO208: 0 | AP208: 0.059 | AQ208: 0 | AR208: 0 | AS208: 4.4 | AT208: 2.1 | AU208: 1.8 | AV208: 5.5 | AW208: 2.8 | AX208: =Tabelle1[[#This Row],[Vitamin D3 '[µg/100g']]]*40 -> 0 | AY208: =Tabelle1[[#This Row],[Vitamin A '[µg/100g']]]*3.33 -> 854.478 | AZ208: =Tabelle1[[#This Row],[Vitamin E '[mg/100g']]]*1.49 -> 0
... A234: Innereien | B234: V572100 | C234: Kalb Niere, roh | D234: 124 | E234: =Tabelle1[[#This Row],[Energie '[kcal/100g']]]/239 -> 0.51882845 | F234: 16.7 | G234: =Tabelle1[[#This Row],[Rohprotein '[g/100g']]]*0.85 -> 14.195 | H234: 6.37 | I234: =Tabelle1[[#This Row],[TS]]-Tabelle1[[#This Row],[Rohprotein '[g/100g']]]-Tabelle1[[#This Row],[Rohfett '[g/100g']]]-Tabelle1[[#This Row],[Rohasche '[g/100g']]]-Tabelle1[[#This Row],[Rohfaser '[g/100g']]] -> 0.83 | J234: 0 | K234: 1.1 | L234: 75 | M234: =100-Tabelle1[[#This Row],[Wasser '[g/100g']]] -> 25 | N234: 10 | O234: 260 | P234: 18 | Q234: 189 | R234: 290 | T234: 11.5 | U234: 3.39 | V234: 0 | W234: 1175 | X234: 50 | Y234: 0 | AA234: 0.1 | AB234: 0.3 | AC234: 5 | AD234: 0.37 | AE234: 2.48 | AF234: 6.47 | AG234: 500 | AH234: 25 | AI234: 12.7 | AJ234: 0 | AK234: 2 | AL234: 80 | AM234: 0 | AN234: 0.061 | AO234: 0 | AP234: 0 | AQ234: 0.061 | AR234: 0.061 | AS234: 1.04 | AT234: 0.2 | AU234: 0.42 | AV234: 1.21 | AW234: 0.34 | AX234: =Tabelle1[[#This Row],[Vitamin D3 '[µg/100g']]]*40 -> 4 | AY234: =Tabelle1[[#This Row],[Vitamin A '[µg/100g']]]*3.33 -> 16.65 | AZ234: =Tabelle1[[#This Row],[Vitamin E '[mg/100g']]]*1.49 -> 0.447
A235: Fleisch | C235: Känguru, Muskelfleisch, roh | D235: 102 | E235: =Tabelle1[[#This Row],[Energie '[kcal/100g']]]/239 -> 0.42677824 | F235: 22.9 | G235: =Tabelle1[[#This Row],[Rohprotein '[g/100g']]]*0.85 -> 19.465 | H235: 1.3 | I235: =Tabelle1[[#This Row],[TS]]-Tabelle1[[#This Row],[Rohprotein '[g/100g']]]-Tabelle1[[#This Row],[Rohfett '[g/100g']]]-Tabelle1[[#This Row],[Rohasche '[g/100g']]]-Tabelle1[[#This Row],[Rohfaser '[g/100g']]] -> -0.3 | J235: 0 | K235: 1.1 | L235: 75 | M235: =100-Tabelle1[[#This Row],[Wasser '[g/100g']]] -> 25 | N235: 11 | O235: 198 | P235: 24 | Q235: 55 | R235: 320 | T235: 3.2 | U235: 4.3 | V235: 14.5 | W235: 160 | X235: 20 | Y235: 2.2 | AA235: 0 | AB235: 0.25 | AC235: 0 | AD235: 0.15 | AE235: 0.24 | AF235: 0.55 | AG235: 300 | AH235: 2.1 | AI235: 0 | AJ235: 1.2 | AK235: 5 | AL235: 1.8 | AM235: 0 | AN235: 0.03 | AO235: 0 | AP235: 0 | AQ235: 0.08 | AR235: 0 | AS235: 1.42 | AT235: 0.26 | AU235: 0.67 | AV235: 2.04 | AW235: 0.6 | AX235: =Tabelle1[[#This Row],[Vitamin D3 '[µg/100g']]]*40 -> 0 | AY235: =Tabelle1[[#This Row],[Vitamin A '[µg/100g']]]*3.33 -> 0 | AZ235: =Tabelle1[[#This Row],[Vitamin E '[mg/100g']]]*1.49 -> 0.3725
A236: Gemüse | B236: G620162 | C236: Karotte/Möhre, gebacken | D236: 47 | E236: =Tabelle1[[#This Row],[Energie '[kcal/100g']]]/239 -> 0.19665272 | F236: 0.988 | G236: =Tabelle1[[#This Row],[Rohprotein '[g/100g']]]*0.85 -> 0.8398 | H236: 0.471 | I236: =Tabelle1[[#This Row],[TS]]-Tabelle1[[#This Row],[Rohprotein '[g/100g']]]-Tabelle1[[#This Row],[Rohfett '[g/100g']]]-Tabelle1[[#This Row],[Rohasche '[g/100g']]]-Tabelle1[[#This Row],[Rohfaser '[g/100g']]] -> 11.765 | J236: 0 | K236: 0.876 | L236: 85.9 | M236: =100-Tabelle1[[#This Row],[Wasser '[g/100g']]] -> 14.1 | N236: 24.8 | O236: 42.2 | P236: 14 | Q236: 26.7 | R236: 417.8 | T236: 0.418 | U236: 0.30095 | V236: 0 | W236: 65.21 | X236: 113.86 | Y236: 3.5 | AA236: 0 | AB236: 0.926 | AC236: 2046 | AD236: 0.1108 | AE236: 0.016 | AF236: 0.219 | AG236: 181.4 | AH236: 0 | AI236: 3.106 | AJ236: 12 | AK236: 19 | AL236: 0.3 | AM236: 0 | AN236: 0.0063 | AO236: 0 | AP236: 0 | AQ236: 0.0816 | AR236: 0.0798 | AS236: 0.048 | AT236: 0.015 | AU236: 0.018 | AV236: 0.055 | AW236: 0.009 | AX236: =Tabelle1[[#This Row],[Vitamin D3 '[µg/100g']]]*40 -> 0 | AY236: =Tabelle1[[#This Row],[Vitamin A '[µg/100g']]]*3.33 -> 6813.18 | AZ236: =Tabelle1[[#This Row],[Vitamin E '[mg/100g']]]*1.49 -> 1.37974
A237: Gemüse | B237: G620182 | C237: Karotte/Möhre, gebraten ohne Fett (Pfanne) | D237: 74 | E237: =Tabelle1[[#This Row],[Energie '[kcal/100g']]]/239 -> 0.30962343 | F237: 1.556 | G237: =Tabelle1[[#This Row],[Rohprotein '[g/100g']]]*0.85 -> 1.3226 | H237: 0.741 | I237: =Tabelle1[[#This Row],[TS]]-Tabelle1[[#This Row],[Rohprotein '[g/100g']]]-Tabelle1[[#This Row],[Rohfett '[g/100g']]]-Tabelle1[[#This Row],[Rohasche '[g/100g']]]-Tabelle1[[#This Row],[Rohfaser '[g/100g']]] -> 18.323 | J237: 0 | K237: 1.38 | L237: 78 | M237: =100-Tabelle1[[#This Row],[Wasser '[g/100g']]] -> 22 | N237: 39.1 | O237: 66.5 | P237: 22 | Q237: 42 | R237: 657.6 | T237: 0.658 | U237: 0.47372 | V237: 0 | W237: 102.65 | X237: 179.22 | Y237: 5.5 | AA237: 0 | AB237: 1.457 | AC237: 3151 | AD237: 0.1847 | AE237: 0.025 | AF237: 0.352 | AG237: 279.3 | AH237: 0 | AI237: 5.069 | AJ237: 19 | AK237: 29 | AL237: 0.5 | AM237: 0 | AN237: 0.01 | AO237: 0 | AP237: 0 | AQ237: 0.1284 | AR237: 0.1256 | AS237: 0.076 | AT237: 0.024 | AU237: 0.028 | AV237: 0.087 | AW237: 0.015 | AX237: =Tabelle1[[#This Row],[Vitamin D3 '[µg/100g']]]*40 -> 0 | AY237: =Tabelle1[[#This Row],[Vitamin A '[µg/100g']]]*3.33 -> 10492.83 | AZ237: =Tabelle1[[#This Row],[Vitamin E '[mg/100g']]]*1.49 -> 2.17093
A238: Gemüse | B238: G620152 | C238: Karotte/Möhre, gedünstet | D238: 42 | E238: =Tabelle1[[#This Row],[Energie '[kcal/100g']]]/239 -> 0.17573222 | F238: 0.875 | G238: =Tabelle1[[#This Row],[Rohprotein '[g/100g']]]*0.85 -> 0.74375 | H238: 0.417 | I238: =Tabelle1[[#This Row],[TS]]-Tabelle1[[#This Row],[Rohprotein '[g/100g']]]-Tabelle1[[#This Row],[Rohfett '[g/100g']]]-Tabelle1[[#This Row],[Rohasche '[g/100g']]]-Tabelle1[[#This Row],[Rohfaser '[g/100g']]] -> 10.432 | J238: 0 | K238: 0.776 | L238: 87.5 | M238: =100-Tabelle1[[#This Row],[Wasser '[g/100g']]] -> 12.5 | N238: 22 | O238: 37.4 | P238: 12 | Q238: 23.6 | R238: 369.9 | T238: 0.3701 | U238: 0.26647 | V238: 0 | W238: 57.74 | X238: 100.81 | Y238: 3.1 | AA238: 0 | AB238: 0.82 | AC238: 1772 | AD238: 0.1039 | AE238: 0.014 | AF238: 0.198 | AG238: 157.1 | AH238: 0 | AI238: 2.851 | AJ238: 10 | AK238: 16 | AL238: 0.3 | AM238: 0 | AN238: 0.0056 | AO238: 0 | AP238: 0 | AQ238: 0.0722 | AR238: 0.0706 | AS238: 0.043 | AT238: 0.014 | AU238: 0.016 | AV238: 0.049 | AW238: 0.008 | AX238: =Tabelle1[[#This Row],[Vitamin D3 '[µg/100g']]]*40 -> 0 | AY238: =Tabelle1[[#This Row],[Vitamin A '[µg/100g']]]*3.33 -> 5900.76 | AZ238: =Tabelle1[[#This Row],[Vitamin E '[mg/100g']]]*1.49 -> 1.2218
A239: Gemüse | B239: G620132 | C239: Karotte/Möhre, gekocht | D239: 34 | E239: =Tabelle1[[#This Row],[Energie '[kcal/100g']]]/239 -> 0.14225941 | F239: 0.5 | G239: =Tabelle1[[#This Row],[Rohprotein '[g/100g']]]*0.85 -> 0.425 | H239: 0.5 | I239: =Tabelle1[[#This Row],[TS]]-Tabelle1[[#This Row],[Rohprotein '[g/100g']]]-Tabelle1[[#This Row],[Rohfett '[g/100g']]]-Tabelle1[[#This Row],[Rohasche '[g/100g']]]-Tabelle1[[#This Row],[Rohfaser '[g/100g']]] -> 9.3 | J239: 0 | K239: 0.5 | L239: 89.2 | M239: =100-Tabelle1[[#This Row],[Wasser '[g/100g']]] -> 10.8 | N239: 31 | O239: 28.2 | P239: 8 | Q239: 29 | R239: 166 | T239: 0.34 | U239: 0.13 | V239: 0 | W239: 17 | X239: 118 | Y239: 2.9 | AA239: 0 | AB239: 0.8 | AC239: 180 | AD239: 0.09 | AE239: 0.02 | AF239: 0.2 | AG239: 27.09 | AH239: 0 | AI239: 5 | AJ239: 11 | AK239: 31 | AL239: 0.3 | AM239: 0 | AN239: 0.0054 | AO239: 0 | AP239: 0 | AQ239: 0.0693 | AR239: 0.0678 | AS239: 0.041 | AT239: 0.013 | AU239: 0.015 | AV239: 0.047 | AW239: 0.008 | AX239: =Tabelle1[[#This Row],[Vitamin D3 '[µg/100g']]]*40 -> 0 | AY239: =Tabelle1[[#This Row],[Vitamin A '[µg/100g']]]*3.33 -> 599.4 | AZ239: =Tabelle1[[#This Row],[Vitamin E '[mg/100g']]]*1.49 -> 1.192
